item_number,description,unit_price,uom,category,source,ocr_flag
LX26E79395,OC TruDef Duration Brownwood,119.05,SQ,Shingles,ABC Roofing,
LX79ECDFB0,OC TruDef Duration Chateau Gma/S,137.17,SQ,Shingles,ABC Roofing,
LX8A9B50C2,OC TruDef Duration Colonial Siatea/S,116.27,,Shingles,ABC Roofing,
LXD47D722F,OC TruDef Duration Desert Rosea/S,92.69,SQ,Shingles,ABC Roofing,
LX678870D4,OC TruDef Duration Desert Tanai,113.94,SQ,Shingles,ABC Roofing,
LXB58EE177,OC TruDef Duration Driftwood S/S,102.28,SQ,Shingles,ABC Roofing,
LX4BDA9736,OC ThuDef Duration Estate Gray 3/5,132.82,SQ,Shingles,ABC Roofing,CORRECTED from OCR
LX92D42A05,OC ThuDef Duration Harbor Blue 3S ',97.70,SQ,Shingles,ABC Roofing,
LX4FAD9BC5,OC Trubef Duration Midnight Pluma/s,98.34,SQ,Shingles,ABC Roofing,CORRECTED from OCR
LX43EEC1F2,OC TruDef Duration Sand Castiea/S ‘,136.15,SQ,Shingles,ABC Roofing,
LX74634129,OC TruDef Duration Shasta Whitea/S,142.70,SQ,Shingles,ABC Roofing,
LXE4B151E9,OC TruDef Duration Sierra Graya/S ',139.86,SQ,Shingles,ABC Roofing,
LXD177F940,OC TruDef Duration Slatestones/S,109.17,SQ,Shingles,ABC Roofing,
LX75A95E2C,OC TruDef Duration SummerHarvsts/S,118.89,SQ,Shingles,ABC Roofing,
LXF881EBC8,OC TruDef Duration Teak,124.73,SQ,Shingles,ABC Roofing,
LX06096848,OC TruDef Duration Terracottag/S,100.95,SQ,Shingles,ABC Roofing,
LX7502C67D,OC TruDef Duration Willamsburga/S,110.31,SQ,Shingles,ABC Roofing,
LX0DFE6124,OC Oakridge Aged Cedar,87.58,SQ,Shingles,ABC Roofing,
LX26102961,OC Oakridge AR Aged Cedar,102.45,,Shingles,ABC Roofing,
LX2BD7A5DE,OC Oakridge AR Chateau Green,104.57,SQ,Shingles,ABC Roofing,
LXC44868E8,OC Oakridge AR Desert Tan,114.58,,Shingles,ABC Roofing,
LX25EA54DD,OC Oakridge AR Driftwood s/SQ,129.14,SQ,Shingles,ABC Roofing,
LX580DFB11,OC Oakridge AR Estate Gray,93.58,,Shingles,ABC Roofing,
LXB431E09D,OC Oakridge AR Flagstones/SQ,108.95,SQ,Shingles,ABC Roofing,
LXC6AFD0F4,OC Oakridge AR Onyx Blacks/SQ,105.24,SQ,Shingles,ABC Roofing,
LXA79CD4E1,OC Oakridge AR PeppermillGray,101.64,SQ,Shingles,ABC Roofing,
LXB4160885,OC Oakridge AR Sand Castieg/SQ,110.95,SQ,Shingles,ABC Roofing,
LX2900F95E,OC Oakridge AR Shasta White,93.40,SQ,Shingles,ABC Roofing,
LX0BE0C554,OC Trubef Dura Flex AR BlackSablegiS,119.40,SQ,Shingles,ABC Roofing,
LX36003BB4,OC TruDef Dura Flex AR Driftwood 3/S $1,162.87,SQ,Shingles,ABC Roofing,
LX8A3A7869,OC TruDef Dura Flex AR Sand Dune 3/S 3,156.12,SQ,Shingles,ABC Roofing,
LXEB4B5807,OC TruDef Dura Flex AR Teak 3/5,124.81,,Shingles,ABC Roofing,
LX709F422A,IKO Dynasty AR Brownstone 3/SQ ',102.24,SQ,Shingles,ABC Roofing,
LX6DF0D469,IKO Dynasty AR Emerald Green,97.45,SQ,Shingles,ABC Roofing,
LX7CE723CD,IKO Dynasty AR Frostone Grey,92.66,SQ,Shingles,ABC Roofing,
LXDEA7ECC5,IKO DYNASTY AR MATTE BLACK3ISQ ',109.11,SQ,Shingles,ABC Roofing,
LX1F221E7D,TKO Dynasty AR Monaco Red3/SQ ',119.58,,Shingles,ABC Roofing,
LX1AAF0B66,IKO Dynasty AR Shadow Brown,96.98,SQ,Shingles,ABC Roofing,
LXFFD5B151,IKO Dynasty AR Summit Greya/SQ,110.80,SQ,Shingles,ABC Roofing,
LX4EF75A71,IKO Cambridge AR Beachwood,89.28,SQ,Shingles,ABC Roofing,
LX7735B473,IKO Cambridge AR Dual Browna/SQ,112.96,SQ,Shingles,ABC Roofing,
LX9E201ACB,IKO Cambridge AR HarvardSiate,111.76,SQ,Shingles,ABC Roofing,
LXCC6C4B5A,IKO Cambridge AR Weathenwood,85.06,SQ,Shingles,ABC Roofing,
LX4F2B5D64,OC Starter Strip Plus T05LF,38.31,BD,Starter Strip,ABC Roofing,
LXD9F1EF90,OC Proedge AR Desert Tan 33LF,53.82,BD,Hip & Ridge,ABC Roofing,
LX0A85D01D,OC Proedge AR Estate Gray 33LF,68.84,BD,Hip & Ridge,ABC Roofing,
LXFDBAF6EB,OC Proedge H&R AR Aged Cedar33LF ',68.08,BD,Hip & Ridge,ABC Roofing,
LX9665641B,OC Proedge HER AR Aged CoppersaLF,62.68,BD,Hip & Ridge,ABC Roofing,
LX765899D3,OC Proedge HER AR Amber 33LF ',76.54,,Hip & Ridge,ABC Roofing,
LX1A8C69FA,OC Proedge HER AR Black Sables3LF,312.87,BD,Hip & Ridge,ABC Roofing,REVIEW - price may have OCR error
LXAF27E019,OC Proedge HER AR Brownwood 33LF ',60.96,BD,Hip & Ridge,ABC Roofing,
LX566A52E6,OC Proedge HAR AR Desert Rose SoLF,58.57,BD,Hip & Ridge,ABC Roofing,
LXA4BA5683,OC Proedge H&R AR Harbor Blue33LF,67.22,BD,Hip & Ridge,ABC Roofing,
LX2C9B2F87,OC Proedge H&R AR Merlot 33LF ',62.88,BD,Hip & Ridge,ABC Roofing,
LX5A7B35BD,OC Proedge H&R AR Midnight Plum 33LF ',63.65,BD,Hip & Ridge,ABC Roofing,
LX89D78B0D,OC Proedge H&R AR PeppermillGray33LF,83.16,BD,Hip & Ridge,ABC Roofing,
LX1285C117,OC Proedge H&R AR Sand Dune 33LF ‘,376.87,BD,Hip & Ridge,ABC Roofing,REVIEW - price may have OCR error
LX662C6AA7,OC Proedge HAR AR Shasta White 33LF,325.38,BD,Hip & Ridge,ABC Roofing,REVIEW - price may have OCR error
LX4C5D804A,OC Proedge H&R AR Sierra Gray 33LF,75.70,BD,Hip & Ridge,ABC Roofing,
LX37B678DA,OC Proedge HR AR Slatestone Gray S3LF,77.48,BD,Hip & Ridge,ABC Roofing,
LXBEC7CFA3,OC Proedge H&R AR Storm Cloud 33LF,407.98,BD,Hip & Ridge,ABC Roofing,REVIEW - price may have OCR error
LX6FDCF516,OC Proedge H&R AR Teak 3LF,311.81,,Hip & Ridge,ABC Roofing,REVIEW - price may have OCR error
LX372256AF,OC Proedge HER AR TerracottaSaLF ',76.54,BD,Hip & Ridge,ABC Roofing,
LX1E29E287,OC Proedge H&R AR Twilight S3LF ',63.87,BD,Hip & Ridge,ABC Roofing,
LX36E4B330,OC Proedge H&R AR WillamsburgGrya3LF ‘,71.66,BD,Hip & Ridge,ABC Roofing,
LXF8521E0D,OC Proedge H&R Flex AR Antq Sliver33LF ',89.35,BD,Hip & Ridge,ABC Roofing,
LX6145D4D9,OC Proedge H&R Flex AR Black Sable3aLF,313.76,BD,Hip & Ridge,ABC Roofing,REVIEW - price may have OCR error
LX936BD47B,OC Proedge H&R Flex AR Brownwood33LF,89.24,BD,Hip & Ridge,ABC Roofing,
LXD9E4A87C,OC Proedge H&R Flex AR Desert TandaLF,389.22,BD,Hip & Ridge,ABC Roofing,REVIEW - price may have OCR error
LXFF13EC0A,OC Proedge H&R Flex AR Driftwood 33LF,411.24,,Hip & Ridge,ABC Roofing,REVIEW - price may have OCR error
LX723D933E,OC Proedge H&R Flex AR Estate Gray33LF,386.44,BD,Hip & Ridge,ABC Roofing,REVIEW - price may have OCR error
LX6957CB14,OC Proedge H&R Flex AR Onyx Black33LF,72.35,BD,Hip & Ridge,ABC Roofing,
LX6BF924C6,OC Proedge H&R Flex AR Sand Dune3sLF,388.88,BD,Hip & Ridge,ABC Roofing,REVIEW - price may have OCR error
LX9243E82B,OC Proedge H&R Flex AR Storm Cloud33LF,69.86,BD,Hip & Ridge,ABC Roofing,
LXC89C2E43,OC Proedge H&R Flex AR Sumer Hrvst33LF,87.27,BD,Hip & Ridge,ABC Roofing,
LX9B28BC43,OC Prosdge HAR Flex AR Teak 33LF 36LF,65.78,BD,Roofing - Other,ABC Roofing,
LX850081D1,IKO AR H&R 12 Biscayne 36LF ',66.34,BD,Hip & Ridge,ABC Roofing,
LXAA688D8B,IKO AR HAR 12 Brownstone 36LF,356.31,BD,Roofing - Other,ABC Roofing,REVIEW - price may have OCR error
LX86AAE182,IKO AR H&R 42 Comerstone 36LF,66.44,BD,Hip & Ridge,ABC Roofing,
LX59C929A3,1KO AR H&R 12 Driftshake 36LF.,72.50,,Hip & Ridge,ABC Roofing,
LX0A9EB0DE,IKO_AR H&R 12 Dual Gry/FrostoneGry36LF,67.03,BD,Hip & Ridge,ABC Roofing,
LX3764A09B,” IKO AR H&R 12 Emerald Green 36LF,60.81,BD,Hip & Ridge,ABC Roofing,
LXB3E319D2,IKO AR H&R 12 Frostone Grey 36LF ',72.25,BD,Hip & Ridge,ABC Roofing,
LX6253CA73,IKO AR H&R 12 Glacier 36LF ',63.56,BD,Hip & Ridge,ABC Roofing,
LX87FF7441,IKO AR H&R 12 Harvard Slate 36LF,58.73,BD,Hip & Ridge,ABC Roofing,
LX0D9CF0CC,IKO AR H&R 12 Monaco Red 36LF,65.85,BD,Hip & Ridge,ABC Roofing,
LX368EE047,IKO AR HR 12 Sentinel Slate 36LF,65.07,BD,Roofing - Other,ABC Roofing,
LXD661C650,IKO AR H&R 12 Shadow Brown 36LF ',56.35,BD,Hip & Ridge,ABC Roofing,
LX60AB772B,IKO AR H&R 12 Weatherwood 36LF,67.83,BD,Hip & Ridge,ABC Roofing,
LXC56BAEB2,IKO AR H&R 12 Atlantic Blue 33LF,54.99,BD,Hip & Ridge,ABC Roofing,
LXFC50D83B,1KO AR H&R 12 Beachwood 33LF,51.63,BD,Hip & Ridge,ABC Roofing,
LX1061A1EC,1KO AR H&R 12 Comerstone 33LF,54.56,BD,Hip & Ridge,ABC Roofing,
LXF20B2AD1,TKOARH&R12GlaciersaLF,65.65,,Hip & Ridge,ABC Roofing,
LXEECE3465,IKOARH&R12GraniteBlack33LF,62.71,BD,Hip & Ridge,ABC Roofing,
LX2D748105,TKO Leading Edge Plus Starter 123LF,50.10,BD,Starter Strip,ABC Roofing,
LX031027D5,OC Deckseal SBS SA Cap Des Tan 1S,148.69,RL,Roofing - Other,ABC Roofing,
LX9432D1FD,MH SA-SBS Cap SheetChestnut 1SQ/RL,148.11,RL,Roofing - Other,ABC Roofing,
LX3AB3A95A,MH SA-SBS Cap SheeiRed Blend 1S,160.59,RL,Roofing - Other,ABC Roofing,
LX94FA4CF4,MH SA-SBS Cap SheetWeathrwd 1SQIRL ',169.56,,Roofing - Other,ABC Roofing,
LX09F1E7C3,MHSA-SBSCapSheetWhite1SQIRL ',131.90,RL,Roofing - Other,ABC Roofing,
LX6BD156DD,MHSABaseSheet2SQ/RL ',169.96,RL,Roofing - Other,ABC Roofing,
LX5884C810,OCRhinoRoofU20Synthetic10stPerRoll ',108.53,RL,Underlayment,ABC Roofing,
LXCEDB70A3,CollNailABC1-1/4°ES,68.03,BX,Fasteners,ABC Roofing,
LXBC424E55,CollNailABC1-34°EG,82.38,BX,Fasteners,ABC Roofing,
LX8A3C38A7,PS1/2°PiywoodClips250/8X,15.91,BX,Roofing - Other,ABC Roofing,
LXC65CDB31,"PS7/16""PlywoodClips250/8x",20.25,BX,Roofing - Other,ABC Roofing,
LXB8E518E7,"NailABCPlasticCap1""2MiBX",27.83,BX,Fasteners,ABC Roofing,
LX0AC50870,Ips4N1HardbaseFlashing,5.13,PC,Flashing,ABC Roofing,
LX393D9C28,GalvAngleFlashing4X4X10Mill,33.17,PC,Flashing,ABC Roofing,
LX899898A2,"8° x8""AlumPBStepFlashX@Mill100/BD.",73.15,BD,Roofing - Other,ABC Roofing,
LX6B10E267,AlumPBStepFlash8X8Rbrwn100/BD ',96.59,,Roofing - Other,ABC Roofing,
LX6E4F0871,AlumPBStepFiash@X8Tbmz100/BD.,88.75,BD,Roofing - Other,ABC Roofing,
LXAC525B06,AlumPBStepFiash@XBWhite,78.37,BD,Roofing - Other,ABC Roofing,
LXE3693EFF,AlumPBStopFlashSX7Black100/8D,55.23,BD,Roofing - Other,ABC Roofing,
LX9C0E3CAA,AlumPBStepFlashX7Mili,47.96,BD,Roofing - Other,ABC Roofing,
LX0B20E85D,AlumPBStepFlash5x7RoyBm100/,47.02,BD,Roofing - Other,ABC Roofing,
LX49AC30D5,Alum PB Step Flash 5X7 White100/BD ‘,52.87,BD,Flashing,ABC Roofing,
LX72A8CC5F,Alum Roof-TO-Wall 4X4X10Black,24.88,PC,Roofing - Other,ABC Roofing,
LXFC625268,Ips 4N1 Flashing Alum Black,15.90,PC,Flashing,ABC Roofing,
LX1F02B41F,"Ips 4N1 Flashing Alum Brown, '",19.78,PC,Flashing,ABC Roofing,
LX1C0AE56D,Ips 4N1 Flashing Alum Gray ‘,18.07,PC,Flashing,ABC Roofing,
LXFBCA9D7F,"QA ADE187 1 7/8""Drip EdgeRBm202",8.45,PC,Drip Edge,ABC Roofing,
LXD41D78F9,"QA ADE187 1 7/8""Drip EdgeWhite280",11.58,PC,Drip Edge,ABC Roofing,
LX56EFF664,"Alum Gutter Apron 2.0"" Almond",9.75,PC,Gutters,ABC Roofing,
LX5ADD8322,"Alum Gutter Apron 2.0"" Black",9.97,PC,Gutters,ABC Roofing,
LX40099AE2,"Alum Gutter Apron 2.0"" Bronze",14.59,PC,Gutters,ABC Roofing,
LXE2150C68,"Alum Gutter Apron 2.0"" Cameo",344.32,PC,Gutters,ABC Roofing,REVIEW - price may have OCR error
LX16FD79E5,"Alum Gutter Apron 2.0"" Char Grey",11.74,PC,Gutters,ABC Roofing,
LX088E4DEC,"Alum Gutter Apron 2,0"" Class Cream",12.26,PC,Gutters,ABC Roofing,
LXA1B7BC53,"Alum Gutter Apron 2.0"" Country Blue",11.91,PC,Gutters,ABC Roofing,
LXF7028682,"Alum Gutter Apron 2.0"" Everest",12.20,PC,Gutters,ABC Roofing,
LX503238C9,"Alum Gutter Apron 2.0"" Evergreen",11.37,PC,Gutters,ABC Roofing,
LX07164495,"Alum Gutter Apron 2.0"" Harbor Grey",10.63,PC,Gutters,ABC Roofing,
LX3AA5D044,"Alum Gutter Apron 2.0"" Linen",14.53,PC,Gutters,ABC Roofing,
LXC833001A,"Alum Gutter Apron 2.0"" MT Mon Suede",14.40,PC,Gutters,ABC Roofing,
LXA81CF533,Alum Gutter Apron 2.0° Nx Slerr D47,13.92,PC,Gutters,ABC Roofing,
LXBBCD093E,"Alum Gutter Apron 2.0"" Pebble Clay",11.64,PC,Gutters,ABC Roofing,
LXD50EF52F,"Alum Gutter Apron 2.0"" Royal Brown:",12.91,PC,Gutters,ABC Roofing,
LXFC58C0E9,"Alum Gutter Apron 2.0"" Sage",13.02,PC,Gutters,ABC Roofing,
LXFC8E8B25,"Alum Gutter Apron 2.0"" Sandtone",13.86,PC,Gutters,ABC Roofing,
LX0249A83D,"Alum Gutter Apron 2.0"" Silv Grey",14.90,PC,Gutters,ABC Roofing,
LX825CAD6A,"Alum Gutter Apron 2.0"" Terra Bronze.",13.80,PC,Gutters,ABC Roofing,
LX6B7C8A15,"Alum Gutter Apron 2.0"" Vic Grey",10.57,PC,Gutters,ABC Roofing,
LX823E3172,"Alum Gutter Apron 2.0"" White",10.76,PC,Gutters,ABC Roofing,
LX3528181C,Alum Gutter Apron 2.0° Wicker,13.19,PC,Gutters,ABC Roofing,
LX651B14B4,"Stand Alum Drip Edge 1.85"" Almond",9.10,PC,Drip Edge,ABC Roofing,
LXC3FB8E5C,"Stand Alum Drip Edge 1.85"" Black",13.49,PC,Drip Edge,ABC Roofing,
LX815596A8,"Stand Alum Drip Edge 1.85"" Bronze",12.94,PC,Drip Edge,ABC Roofing,
LX7CEACD2E,"Stand Alum Drip Edge 1.85"" Brookstn",13.53,PC,Drip Edge,ABC Roofing,
LX6D68977C,"Stand Alum Drip Edge 1.85"" Cameo",11.32,PC,Drip Edge,ABC Roofing,
LX39C4AE49,"Stand Alum Drip Edge 1.85"" Char Gry",13.15,PC,Drip Edge,ABC Roofing,
LXB5D66569,"Stand Alum Drip Edge 1.85"" CL Cream_",11.47,PC,Drip Edge,ABC Roofing,
LX4E8621F0,"Stand Alum Drip Edge 1.85"" Country",9.26,PC,Drip Edge,ABC Roofing,
LX62A6E1C4,"Stand Alum Drip Edge 1.85"" Des Sand",357.34,PC,Drip Edge,ABC Roofing,REVIEW - price may have OCR error
LX997E4862,"Stand Alum Drip Edge 1.85"" Everest",9.48,PC,Drip Edge,ABC Roofing,
LX9F14AA6D,"Stand Alum Drip Edge 1.85"" Evergm",13.27,PC,Drip Edge,ABC Roofing,
LX1F3FCD7A,"Stand Alum Drip Edge 1.85"" Harb Gry",9.45,PC,Drip Edge,ABC Roofing,
LX6736F8A6,"Stand Alum Drip Edge 1.85"" M Suede",298.10,PC,Drip Edge,ABC Roofing,REVIEW - price may have OCR error
LX446A531E,"Stand Alum Drip Edge 1.85"" Mbrown ‘",10.57,PC,Drip Edge,ABC Roofing,
LX4D8FF0B9,"Stand Alum Drip Edge 1.85"" Nx SClay",10.59,PC,Drip Edge,ABC Roofing,
LX209777EC,"Stand Alum Drip Edge 1.85"" Peb Clay",11.04,PC,Drip Edge,ABC Roofing,
LXBC6AAB49,"Stand Alum Drip Edge 1.85"" Redwood",12.19,PC,Drip Edge,ABC Roofing,
LX6F1E64DB,"Stand Alum Drip Edge 7.85"" Roy Brwn",12.80,PC,Drip Edge,ABC Roofing,
LXB5499BFF,"Stand Alum Drip Edge 1.85"" Sandtone",9.36,PC,Drip Edge,ABC Roofing,
LX5087BCF3,"Stand Alum Drip Edge 1.85"" Sil Grey",12.11,PC,Drip Edge,ABC Roofing,
LX2D0F8DBE,"Stand Alum Drip Edge 1.85"" T Bronze",9.15,PC,Drip Edge,ABC Roofing,
LX5E11075A,"Stand Alum Drip Edge 1.85"" Vic Grey",13.36,PC,Drip Edge,ABC Roofing,
LXF8ADA439,"Stand Alum Drip Edge 1.85"" White",12.37,PC,Drip Edge,ABC Roofing,
LX11373589,"Stand Alum Drip Edge 1.85"" Wicker",8.85,PC,Drip Edge,ABC Roofing,
LXF8D03490,"Roof Plug Kwik 8""X8""",16.73,PC,Roofing - Other,ABC Roofing,
LX43F05BEA,Lifetime 2° Ult Pipe Flash #200,416.24,PC,Pipe Flashing,ABC Roofing,REVIEW - price may have OCR error
LXAE11EE51,"Lifetime 3"" Ult Pipe Flash #300",84.19,PC,Pipe Flashing,ABC Roofing,
LXBB2180AF,"Lifetime 4"" Ult Pipe Flash #400",100.63,PC,Pipe Flashing,ABC Roofing,
LXC635F23D,"Lifetime Easysleeve 1.5"" #ES150",31.59,PC,Roofing - Other,ABC Roofing,
LX1FBF4642,Lifetime Easysleeve 2” #ES200,40.52,PC,Roofing - Other,ABC Roofing,
LX0645A709,Lifetime Easysleeve 3° #ES300.,43.77,PC,Roofing - Other,ABC Roofing,
LXD49D82F6,"Lifetime Easysleeve 4"" #ES400.",46.56,PC,Roofing - Other,ABC Roofing,
LX1AA33A48,"OC Ventsure Sky Runner Lte 30""",121.49,RL,Ventilation,ABC Roofing,
LXFA8B50AA,OC Ventsure 12°X4'Strip Wihrprotect,28.45,PC,Ventilation,ABC Roofing,
LXBD5033D9,OC Ventsure 11-114 X20’ Rigid RL,104.95,RL,Ventilation,ABC Roofing,
LX75CF3CCD,Lomanco LOR30 LO Omni Roll Nailable,95.87,PC,Fasteners,ABC Roofing,
LX18DBA944,AIRVENT SHINGLEVENT ROLL FILTRD 30°,94.04,RL,Ventilation,ABC Roofing,
LX727AF183,OC Ventsure VIN4NF Inflow Vent Bick,24.36,PC,Ventilation,ABC Roofing,
LX51FF1135,Lomanco 750S Vent W/Screen Bronze.,24.00,PC,Ventilation,ABC Roofing,
LX4C559348,Lomanco 750S Vent W/Screen Brown,25.46,PC,Ventilation,ABC Roofing,
LXA8BBDAD3,Lomanco 750S Vent W/Screen White,18.24,PC,Ventilation,ABC Roofing,
LXAAE6BE18,Airvent Airhawk 750 Roof Vent Black,25.64,PC,Ventilation,ABC Roofing,
LXD01581E9,Airvent Airhawk 750 Roof Vent Brown.,25.03,PC,Ventilation,ABC Roofing,
LX29D012AE,"Broan #634 8"" Roof Cap W/Damp Black",44.34,PC,Roofing - Other,ABC Roofing,
LX8B2F366F,"Broan #634M 6"" Roof Cap W/Damp Bick",53.29,PC,Roofing - Other,ABC Roofing,
LXF09E703A,"Broan #636 4"" Roof Cap W/Damp Black",34.38,PC,Roofing - Other,ABC Roofing,
LXFB66599A,Broan Roof Duct Kit #RVK1A.,52.97,,Roofing - Other,ABC Roofing,
LX71A84279,Rhinoroof Gran Seif Adhered 2SQ/RL,119.52,RL,Underlayment,ABC Roofing,
LX4B924043,"OC Westherlock Mat 366.7"" 250",149.34,RL,Roofing - Other,ABC Roofing,
LX3C4FFBE7,IKO StormTamer/DAP Ice & Water 2Sq,75.97,,Ice & Water Shield,ABC Roofing,
LXED714273,Karnak Primer Asplt Spray 140Z #108.,14.11,,Roofing - Other,ABC Roofing,
LXE1DEBD52,"ALUM TRIM CL WG 24"" A29_",103.67,RL,Trim,ABC Roofing,
LX2A5726C3,"Alum Trim Cl WG 24"" Almond",109.09,RL,Trim,ABC Roofing,
LX40EEEDF3,Aum Tim CL WG 24 AutHanst B11,142.37,RL,Roofing - Other,ABC Roofing,
LX5B84EE54,"Alum Trim CTW 24"" CBRVAUITan CB",140.79,RL,Trim,ABC Roofing,
LX41885A1C,"Alm Thm CTWG Za"" Deep Granite AT '",136.95,RL,Roofing - Other,ABC Roofing,
LXB09A875E,Rtn Tm Ct Wwe 24° Eng Wwroor ATT,124.15,RL,Roofing - Other,ABC Roofing,
LXFCDBEB5C,CRTCTIRST NG 28 Bresette,118.43,RL,Roofing - Other,ABC Roofing,
LXEA892788,"Alum Tim CIWG 24"" Linen D4",109.63,,Roofing - Other,ABC Roofing,
LX0374F5CC,"Alum Trim CL WG 24"" Siate AZ",365.70,RL,Trim,ABC Roofing,REVIEW - price may have OCR error
LXA39FF472,"Alum Trim Cl Txt 24"" White Wa",111.34,,Trim,ABC Roofing,
LX2B5A69C8,Geocel Sealant Plast TB #2300 Clear Geocel Sealant #2300 Clear A,35.59,,Sealants,ABC Roofing,
LXC602AD52,Geocel Sealant #2300 Black,58.69,,Sealants,ABC Roofing,
LXCC3AC9C7,Geocel Seelant #2300 Brown,9.19,,Roofing - Other,ABC Roofing,
LX67DBE676,Geocel Sealant #2300 White,8.97,,Sealants,ABC Roofing,
LXF9F58E9F,"Alum Trim Cl WG 24"" JH ronGyiCiRed",121.80,RL,Trim,ABC Roofing,
LX89572A22,Alum Trim CL SM 24” NX Gene Blue LO ‘,141.69,,Trim,ABC Roofing,
LX89EAD1BD,"Alum Trim CL SM 24"" NX Myrlle G17",190.38,,Trim,ABC Roofing,
LX86C21D5E,Alum Trim CL SM 19 Beaver Brun BS,130.45,,Trim,ABC Roofing,
LXE262EF2D,"Alum Trim CL SM 24"" Deap Granite AQ",128.50,RL,Trim,ABC Roofing,
LXC38B59D5,Alum Trim CL SM 24” Eng Wwood Ait,112.46,RL,Trim,ABC Roofing,
LX3A2E8FFA,"Alum Trim CL SM 24"" Everest A15",125.15,,Trim,ABC Roofing,
LX560E2323,"Alum Trim CL SM 24"" Gray A2",183.58,RL,Trim,ABC Roofing,
LX91FB0EF4,"Alum Trim CL SM 24"" Gray AS",112.25,,Trim,ABC Roofing,
LX525F41D2,"Alum Trim GL SM 24"" Misty Shad A10",122.30,RL,Trim,ABC Roofing,
LX93009DAB,"Alum Trim CL SM 24"" Seaport A22",134.81,,Trim,ABC Roofing,
LX53FB83CD,"Alum Trim CL SM 24"" Slate AZ3",207.60,RL,Trim,ABC Roofing,
LX01BCF070,Alum Trim CL SM 24” Ster Gray Ata,104.05,,Trim,ABC Roofing,
LX6FB42E50,"Alum Trim CL SM 24"" Firebrick RO",148.39,,Trim,ABC Roofing,
LX14DD1125,"Alum Tim CL SM 24"" HO PewiOcea C12",126.84,RL,Roofing - Other,ABC Roofing,
LXF6C4867D,"Alum Tim CL SM 24"" Khaki D59",112.90,RL,Roofing - Other,ABC Roofing,
LX2D9A6D8D,"Alum Trim CL SM 24""MochaD58",104.20,RL,Trim,ABC Roofing,
LX7008E685,"Alum Trim CL SM 24""MontSuedeD44",98.25,RL,Trim,ABC Roofing,
LXA0E3BDC8,"Alum Trim CL SM 24""NorwoodD26",113.89,RL,Trim,ABC Roofing,
LXFCA339DD,Alum Trim Cl SM 24°NXRuslicCedar 37,115.99,RL,Trim,ABC Roofing,
LX2E11B5BA,Alum Trim CL SM 24°OliveG14,111.75,RL,Trim,ABC Roofing,
LX45943A42,"Alum Trim CL SM 24""PclayD5 ‘",132.17,RL,Trim,ABC Roofing,
LX3CEED3EF,"Alum Trim CL SM 24""PelBrkRedR7",130.90,,Trim,ABC Roofing,
LX5C3144CC,"Alum Trim CL SM 24”""QTWillowG12",121.73,RL,Trim,ABC Roofing,
LX68D6315B,"Alum Trim CL SM 24""RegattaBLL2",94.54,RL,Trim,ABC Roofing,
LX082DFCF2,"Alum Trim CL SM 24""RoyiBrownB6",133.39,RL,Trim,ABC Roofing,
LXC235CD25,"Alum Trim CL SM 24""Russett8 18",121.50,RL,Trim,ABC Roofing,
LX3D1AFC5F,"Alum Trim CL SM 24""RusstRedR4",121.91,RL,Trim,ABC Roofing,
LXC0F763C1,"Alum Trim CL SM 24""SageD25",103.03,RL,Trim,ABC Roofing,
LX3FC3CEDE,"‘Alum Trim CL SM 24""SandD81",108.03,,Trim,ABC Roofing,
LXB77AD545,‘Alum Trim CL SM 24”ScottThstiGa ',88.91,,Trim,ABC Roofing,
LX7B08D392,"Alum Trim Ci Sm 24""SierraClayD47",131.39,RL,Trim,ABC Roofing,
LX7A3EB396,"Alum Trim CL SM 24""StIBlueL8",120.63,RL,Trim,ABC Roofing,
LXA161C672,"Alum Trim CL SM 24""Tan D48.",91.85,RL,Trim,ABC Roofing,
LXD46DC3F3,"Alum Trim CL SM 24""TumblewdTND55.",135.39,RL,Trim,ABC Roofing,
LX27752DB3,"Alum Trim CL SM 24""vilGreenG11",107.12,RL,Trim,ABC Roofing,
LX081066E9,"Alum Trim CL SM 24""WhiteW1",113.05,RL,Trim,ABC Roofing,
LXE30FA5A4,Alum Trim CL SM 24°WickerD8,105.45,RL,Trim,ABC Roofing,
LX20CD9B1B,"Alum Trim CL PVC 24""BronzeB13",140.13,RL,Trim,ABC Roofing,
LXB1AFE90B,"Alum Trim CL PVC 24""AlmondD49",136.87,RL,Trim,ABC Roofing,
LXB8BD23E1,"Alum Trim CL PVC 24""AXBlackA17",141.18,,Trim,ABC Roofing,
LX533829C1,"Alum Trim CL PVC 24""BeigeD13",113.85,RL,Trim,ABC Roofing,
LX9D34BAEA,"Alum Trim CL PVC 24""BeigeD14",98.88,RL,Trim,ABC Roofing,
LX6430724D,"Alum Trim CL PVC 24""BeigeD6",104.58,RL,Trim,ABC Roofing,
LX13A9EAFC,Alum Trim CL PVC 24°CactusG16,128.52,RL,Trim,ABC Roofing,
LXD6DA5B87,Alum Trim CL PVC 24°CLCreamD22,141.10,RL,Trim,ABC Roofing,
LX84F34784,"Alum Trim CL PVC 24""CobblestnD56",145.85,RL,Trim,ABC Roofing,
LXC9916BDC,"Alum Trim CL PVC 24""DesSandD34",139.08,RL,Trim,ABC Roofing,
LX06397BC3,Alum Trim CL PVC 24°EvergreenGe ',150.20,RL,Trim,ABC Roofing,
LXDFDCD74F,"Alum Trim CL PVC 24""FirebrickR6",130.82,RL,Trim,ABC Roofing,
LX8363D8BB,"Alum Trim CL PVC 24""GraniteA19",118.70,RL,Trim,ABC Roofing,
LX4C164363,"Alum Trim CL PVC 24""GraniteGRA13",122.80,RL,Trim,ABC Roofing,
LX1690FA4B,"Alum Trim CL PVC 24""GrayA2",134.39,RL,Trim,ABC Roofing,
LX444EF1CC,"Alum Trim CL PVC 24""GrayA3.",124.92,RL,Trim,ABC Roofing,
LXA8F24FAD,"Alum Trim CL PVC 24""LinenD4",133.80,RL,Trim,ABC Roofing,
LX88F92884,Alum Trim CL PVC 24°MapleD12,139.15,RL,Trim,ABC Roofing,
LX822A16E9,"Alum Trim CL PVC 24""MsuedeD44",112.18,RL,Trim,ABC Roofing,
LX847D5AAF,"Alum Trim CL PVC 24""MusketBrwnB1",103.43,RL,Trim,ABC Roofing,
LX57314FE2,Alum Trim CL PVC 24°NXMyrtleG17_,116.71,RL,Trim,ABC Roofing,
LXE5BF9B35,"Alum Trim CL PVC 24"" Oxford BL L1",127.88,RL,Trim,ABC Roofing,
LX4C2273D0,Alum Trim CL PVC 24” Sandstone D46 ',138.85,,Trim,ABC Roofing,
LXF20C87C1,Alum Trim CL PVC 24” Scott Thstl G9 ',104.01,RL,Trim,ABC Roofing,
LX1BC7AD18,"Alum Trim CL PVC 24"" Tan D48",98.92,RL,Trim,ABC Roofing,
LX2B4F5B93,Alum Trim CL PVC 24” Tbronze B12 ',104.07,RL,Trim,ABC Roofing,
LXF6790413,Alum Trim CL PVC 24° Vict Grey AS,122.95,RL,Trim,ABC Roofing,
LXE0246E83,Alum Trim CL PVC 24° Wheat D50,125.84,RL,Trim,ABC Roofing,
LX33C44F4C,"Alum Trim CL PVC 24"" White Wi",104.52,RL,Trim,ABC Roofing,
LX456E02AD,Alum Trim CL PVC 24° Wicker D8,98.74,RL,Trim,ABC Roofing,
LX931797F7,"Alum Trim CL PVC 24"" Wwd Blue L7",127.89,RL,Trim,ABC Roofing,
LX606325EF,"Alum Trim CL PVC 24"" Yellow ¥1",102.91,RL,Trim,ABC Roofing,
LXE1A31F87,GAF Armorshield I! Charcoal,184.49,SQ,Roofing - Other,ABC Roofing,
LX770322AB,GAF Armorshield Il Hickory 3/S ',191.19,SQ,Roofing - Other,ABC Roofing,
LX688633A0,GAF Armorshield Il Pewter Gray,167.33,SQ,Roofing - Other,ABC Roofing,
LX0EB6B3D3,GAF SG S-A-R Armors Charcoal 25LF ',60.87,BD,Roofing - Other,ABC Roofing,
LX97BF2A11,GAF SG S-A-R Armors Pewter Gry 25LF,53.49,,Roofing - Other,ABC Roofing,
LX76BC7B82,GAF SG S-A-R Armors Weatherdwd 25LF ',46.91,BD,Roofing - Other,ABC Roofing,
LX39DDC21D,GAF SG Timb HD Barkwood 3/S 3,117.84,SQ,Roofing - Other,ABC Roofing,
LX966AF2A1,GAF SG Timb HD Birchwood 3/5,115.35,SQ,Roofing - Other,ABC Roofing,
LX6574850D,GAF SG Timb HD Charcoal 3/5,139.97,SQ,Roofing - Other,ABC Roofing,
LX2DEC48A2,GAF SG Timb HD Fox Hollow,108.21,SQ,Roofing - Other,ABC Roofing,
LX6136735D,GAF SG Timb HD Hickory 3/S.,130.56,SQ,Roofing - Other,ABC Roofing,
LX32443B44,GAF SG Timb HD Hunter Green,93.54,SQ,Roofing - Other,ABC Roofing,
LX1258A77E,GAF SG Timb HD Mission Brown,130.34,SQ,Roofing - Other,ABC Roofing,
LX560AC569,GAF SG Timb HD Pewter Gray,139.81,SQ,Roofing - Other,ABC Roofing,
LXEE807FE3,GAF SG Timb HD Shakewood 3/5,137.92,SQ,Roofing - Other,ABC Roofing,
LX3B22A57C,GAF SG Timb HD Slate,110.30,SQ,Roofing - Other,ABC Roofing,
LXA1C6C66A,GAF SG Timb HD Weathered Wood,109.00,SQ,Roofing - Other,ABC Roofing,
LXA0A47C9D,GAF SG Timb HDZ Barkwood 3/5 ',94.70,SQ,Shingles,ABC Roofing,
LX688E347D,GAF SG Timb HDZ Birchwood 3/S ',126.70,SQ,Shingles,ABC Roofing,
LXE8DDD2B2,GAF SG Timb HDZ Charcoal 3/5. ',139.53,SQ,Shingles,ABC Roofing,REVIEW - may be $114.99 (OCR error) or premium price
LX8C81AB30,"GAF SG Timb HDZ HB Cedar Falls 3/5,",131.49,SQ,Shingles,ABC Roofing,
LX83A65F3D,GAF SG Timb HDZ HB Golden Harvest3/S.,133.86,SQ,Shingles,ABC Roofing,
LX3F46BEAB,GAF SG Timb HDZ HB NantucketMorning,138.29,SQ,Shingles,ABC Roofing,
LX3C862B12,GAF SG Timb HOZ Hickory 3/5,101.16,SQ,Roofing - Other,ABC Roofing,
LX336B8335,GAF SG Timb HDZ Mission Brown,113.66,SQ,Shingles,ABC Roofing,
LXFB359569,GAF SG Timb HDZ Patriot Red,122.26,SQ,Shingles,ABC Roofing,CORRECTED from OCR
LX9723AD81,GAF SG Timb HOZ Pewter Gray 31S,175.21,,Roofing - Other,ABC Roofing,
LXA64C333F,GAF SG Timb HDZ Shakewood,138.22,SQ,Shingles,ABC Roofing,
LX9CE4B4D5,GAF SG Timb HDZ Siate 3/5,97.68,SQ,Shingles,ABC Roofing,
LX241F6209,GAF SG Timb HDZ Sunset Brick,106.55,SQ,Shingles,ABC Roofing,
LX9815A8A9,GAF SG Timb HDZ Weathered Wood,160.16,SQ,Shingles,ABC Roofing,REVIEW - may be $114.99 (OCR error) or premium price
LX90244B8B,GAF SG Timb HDZ Williamsburg Slate,108.61,SQ,Shingles,ABC Roofing,
LXB445D00F,GAF SG Timbertex Barkwood 20LF ',59.79,BD,Roofing - Other,ABC Roofing,
LXC08FE205,GAF SG Timbertex Cedar Falls 20LF,379.80,BD,Roofing - Other,ABC Roofing,REVIEW - price may have OCR error
LXD4DEE63E,‘GAF SG Timbertex Charcoal 20LF,65.98,BD,Roofing - Other,ABC Roofing,
LXEF551D34,GAF SG Timbertex English Gray 20LF ‘,71.18,BD,Roofing - Other,ABC Roofing,
LXEC874258,GAF SG Timbertex Fox Hollow 20LF ',70.20,BD,Roofing - Other,ABC Roofing,
LXA2FF04D6,GAF SG Timbertex Golden Harvst 20LF ',70.23,BD,Roofing - Other,ABC Roofing,
LX73260285,GAF SG Timbertex Pewter Gray 20LF ',69.25,BD,Roofing - Other,ABC Roofing,
LXB79FC291,GAF SG Timbertex Prem Weathrdw 20LF,47.16,BD,Roofing - Other,ABC Roofing,
LX14AA7CA0,GAF SG Timbertex Royal Slate 20LF ',48.36,BD,Roofing - Other,ABC Roofing,
LXACF26B6F,GAF SG Timbertex Slate 20LF ',67.72,BD,Roofing - Other,ABC Roofing,
LX8C5B9C64,GAF SG Timbertex Weathrd Slate 20LF ‘,68.18,BD,Roofing - Other,ABC Roofing,
LXF07D86EF,GAF Timb HD Pewter Gray,130.88,SQ,Roofing - Other,ABC Roofing,
LX9A92FE2D,GAF TIMB UHDZ SG CLS4 DUAL PWTGY3S,98.60,SQ,Shingles,ABC Roofing,
LX12BDCF0A,GAF TIMB UHDZ SG CLS4 DUAL WTHWD3S,143.63,SQ,Shingles,ABC Roofing,
LX54395716,GAF TIMB UHDZ SG+ PRO ULMAT PWGY3S- ‘,147.69,SQ,Shingles,ABC Roofing,
LX66621ACB,GAF TIMB UHDZ SG+ PRO ULMAT WWD3S,113.71,SQ,Shingles,ABC Roofing,
LX83028B0F,GAF Timb Ultra HDZ SG Dual Charcoal3S,108.78,SQ,Shingles,ABC Roofing,
LXA553A297,GAF Timb Ultra HDZ SG Dual PewterGry3S,149.20,SQ,Shingles,ABC Roofing,
LXF1FE67CA,GAF Timb Ultra HDZ SG Dual WeathWa3S-,99.49,SQ,Shingles,ABC Roofing,
LX821D9347,GAF SG S-A-R Birchwood 25LF,52.97,BD,Roofing - Other,ABC Roofing,
LX8CE2A720,GAF SG S-A-R Fox Hollow Gray25LF ',58.20,BD,Roofing - Other,ABC Roofing,
LX05CE5AB7,GAF SG S-A-R Golden Harvest25LF,57.46,BD,Roofing - Other,ABC Roofing,
LX482F6572,GAF SG S-AR Hickory 25F ',64.00,BD,Roofing - Other,ABC Roofing,
LX26DA2C93,GAF SG S-A-R Hunter Green25LF,49.90,BD,Roofing - Other,ABC Roofing,
LX4C798652,GAF SG S-A-R Midnight Blush25LF,44.86,BD,Roofing - Other,ABC Roofing,
LXF7CB34B0,GAF SG S-A-R Mission Brown25LF,56.38,BD,Roofing - Other,ABC Roofing,
LX57E71556,GAF SG 5-A-R Nantucket Moming25LF ',53.42,BD,Roofing - Other,ABC Roofing,
LX89773424,GAF SG S-A-R Pewter Gray 25LF,53.82,BD,Roofing - Other,ABC Roofing,
LXD15AB168,GAF SG S-A-R Shakewood 25LF,65.13,BD,Roofing - Other,ABC Roofing,
LX1E253903,"GAF SG S-AR Slate 25LF """,63.19,BD,Roofing - Other,ABC Roofing,
LX8E4F74B9,GAF SG S-A-R Weatheredwood 25LF,55.49,BD,Roofing - Other,ABC Roofing,
LX4C69E3D9,GAF SG S-A-R Willmsburg Slate 25LF,60.81,BD,Roofing - Other,ABC Roofing,
LX6F689073,GAF Pro-Start Starter 120.33LF ‘,44.65,BD,Starter Strip,ABC Roofing,
LX7F60B1D0,GAF Liberty SBS SA Cap Sheet Black,112.77,RL,Roofing - Other,ABC Roofing,
LX06493C01,GAF Liberty SBS SA Gap Sheet Slate,138.49,RL,Roofing - Other,ABC Roofing,
LX68C86FE7,Dril-Tec #14 HD RF Fast3” 1M ',115.08,BX,Roofing - Other,ABC Roofing,
LX8DFB8626,Dril-Tec #14 HD RF Fast@” 6C,258.60,BX,Roofing - Other,ABC Roofing,
LX75C553DF,"GAF E/Guard 2"" Steel Plate 10008",123.96,,Roofing - Other,ABC Roofing,
LXDAF60340,GAF SG Camelot Ii AntiqueSiated/S,288.37,,Roofing - Other,ABC Roofing,
LXBD6636E4,GAF Grand Seq ReflectForestBrowns/S,240.28,SQ,Roofing - Other,ABC Roofing,
LX4681A768,GAF SG Timb Nat ShadPewterGrayaiS,87.09,SQ,Roofing - Other,ABC Roofing,
LXF1FB5B80,GAF SG Timb Nat ShadWeatheredvVooda/S ',111.67,SQ,Roofing - Other,ABC Roofing,
LX856DBE84,GAF SG Slateline AntiqueSiatea/S,247.11,,Roofing - Other,ABC Roofing,
LX50301556,GAF SG Siateline EngiishGrays/S,261.86,,Roofing - Other,ABC Roofing,
LX9D394B81,GAF SG Slateline WeatheredSiates/S,226.24,,Roofing - Other,ABC Roofing,
LX0E692029,GAF SG Amer Harv SaddiewdRanchais,148.24,SQ,Roofing - Other,ABC Roofing,
LXB1F49669,GAF Startermatch Weatheredwd60LF,373.95,,Starter Strip,ABC Roofing,REVIEW - price may have OCR error
LX362A12DF,GAF Royal Sovereign Slate,115.14,SQ,Roofing - Other,ABC Roofing,
LX34A8FF02,GAF Weatherblocker Starterf00LF,61.09,,Starter Strip,ABC Roofing,
LX6184A026,"GAF E/Guard TPO Full Wht06010X100 $7,",234.53,,Roofing - Other,ABC Roofing,
LXCA603DFE,GAF Dack-Armor 54°X222 70SQ/RL,417.10,RL,Roofing - Other,ABC Roofing,REVIEW - price may have OCR error
LXFC11E335,GAF Tigerpaw Roof DeckProtecti0SQ,186.72,RL,Roofing - Other,ABC Roofing,
LXAA53B560,GAF Feltbuster Syn Rootreitt0SQ,84.32,RL,Underlayment,ABC Roofing,
LX12873347,GAF MASTRFLW 1.5 PIVOTPBFLASHBLK,30.09,PC,Roofing - Other,ABC Roofing,
LXCC57F354,"GAF MASTRFLW 2"" PIVOTPBFLASHBLCK",36.04,PC,Roofing - Other,ABC Roofing,
LXDB89E949,GAF MASTRFLW 3 PIVOTPBFLASHBLCK,378.21,PC,Roofing - Other,ABC Roofing,REVIEW - price may have OCR error
LX91944CF1,GAF MASTRFLW 3° PIVOTPBFLASHGRAY,396.66,PC,Roofing - Other,ABC Roofing,REVIEW - price may have OCR error
LXD9B0091D,"GAF MASTRFLW 3"" PIVOTPBFLASHWWD '",51.53,PC,Roofing - Other,ABC Roofing,
LXDBF3BBBD,"GAF Cobra Hip Vent 4""",14.34,PC,Ventilation,ABC Roofing,
LX9A4210C9,GAF Cobra Intakepro Vent 20,423.96,,Ventilation,ABC Roofing,REVIEW - price may have OCR error
LX682E1478,"GAF Cobra Ridge Runner 11.5°X20"" 3",109.91,,Roofing - Other,ABC Roofing,
LXE2FCAA63,"GAF COBRA RIDGERUNNER FLTR 11,5X30""",102.65,RL,Hip & Ridge,ABC Roofing,
LX8CA9F760,"GAF 5070 Versa Cap 5-7""",30.55,PC,Roofing - Other,ABC Roofing,
LXFD05267A,"GAF 7090 Versa Cap 7°""",47.80,PC,Roofing - Other,ABC Roofing,
LX055A1550,GAF SSB960A Alum Slant Back Black,17.84,PC,Roofing - Other,ABC Roofing,
LX9BC691E1,GAF SSBSO0A Alum Slant Back Brown,18.51,PC,Roofing - Other,ABC Roofing,
LX9AAE13C2,GAF SSBO60A Alum Slant Back Wihnwd,291.18,PC,Roofing - Other,ABC Roofing,REVIEW - price may have OCR error
LX91D061D8,MT Pro .040 Té Sol Almond PTS12N,101.94,SQ,Roofing - Other,ABC Roofing,
LX65A76108,MT Pro 040 T4 Sol Cameo PTS12N ',110.39,SQ,Roofing - Other,ABC Roofing,
LXCECABD78,MT Pro .040 T4 Sol CL Cream PTS12N ',85.94,SQ,Roofing - Other,ABC Roofing,
LX2DE12337,MT Pro .040 T4 Sol Des Sand PTS12N ',114.33,SQ,Roofing - Other,ABC Roofing,
LX69EB0B13,MT Pro .040 T4 Sol Linen PTS12N,95.64,SQ,Roofing - Other,ABC Roofing,
LXEE088BB4,MT Pro .040 T4 Sol Sage PTS12N,97.93,SQ,Roofing - Other,ABC Roofing,
LXFD061AF3,MT Pro .040 T4 Sol Sandtone PTS12N,76.67,SQ,Roofing - Other,ABC Roofing,
LX066F0C34,MT Pro .040 T4 Sol Silv Grey PTS12N ',78.97,SQ,Roofing - Other,ABC Roofing,
LXDF07CE88,MT Pro .040 Té Sol Vict Grey PTS12N,103.30,SQ,Roofing - Other,ABC Roofing,
LXF1A4E13C,MT Pro .040 T4 Sol Wicker PTS12N_ ‘,119.80,SQ,Roofing - Other,ABC Roofing,
LXD280F447,MT Pro 040 Té Sol Everest PTS12N,83.62,SQ,Roofing - Other,ABC Roofing,
LX9E4E1F7D,MT Pro .040 T4 Sol Harb Grey PTS12N ',102.14,SQ,Roofing - Other,ABC Roofing,
LX75DC078E,MT Pro .040 T4 Sol Peb Clay PTS12N ‘,88.48,SQ,Roofing - Other,ABC Roofing,
LX68EEBDFB,MT Pro .040 T4 Sol Mskt Brwn PTS12N.,106.95,SQ,Roofing - Other,ABC Roofing,
LXF924E057,MT PRO .040 T4 SOL BLK SOFFT PTS12N,120.78,SQ,Roofing - Other,ABC Roofing,
LX053524A3,Vnt Cameo MT Pro 040 T4 Vnt CL Cream,119.20,SQ,Roofing - Other,ABC Roofing,
LX63772B8F,PTS12V MT Pro 040 T4 Vnt Des Sand ',84.16,SQ,Roofing - Other,ABC Roofing,
LX90E09FDE,PTS12V MT Pro .040 T4 Vnt Des Sand,96.88,SQ,Roofing - Other,ABC Roofing,
LXA4CEBB51,PTS12V,82.28,SQ,Roofing - Other,ABC Roofing,
LXAD23A195,MT Pro .040 T4 Vnt Linen PTS12V,111.38,SQ,Roofing - Other,ABC Roofing,
LX845A7B51,MT Pro_.040 14 Vint Sandtone PTS12V,114.33,SQ,Roofing - Other,ABC Roofing,
LX405FE034,MT Pro .040 T4 Vnt Silv Grey PTS12V,87.69,SQ,Roofing - Other,ABC Roofing,
LXE12C4E2F,MT Pro .040 T4 Vnt Silv Grey PTS12V,102.77,SQ,Roofing - Other,ABC Roofing,
LX3D9F7864,MT Pro .040 T4 Vnt Vict Grey PTS12V,103.60,SQ,Roofing - Other,ABC Roofing,
LX2F21F3DF,MT Pro .040 T4 Vint Wicker PTS12V,93.84,SQ,Roofing - Other,ABC Roofing,
LX574A07C0,MT Pro .040 T4 Vnt Everest PTS12V,102.83,SQ,Roofing - Other,ABC Roofing,
LX372E8B46,MT Pro .040 T4 Vnt Harb Grey PTS12V,91.16,SQ,Roofing - Other,ABC Roofing,
LX19040A85,MT Pro .040 T4 Vnt Peb Clay PTS12V,77.27,SQ,Roofing - Other,ABC Roofing,
LX94F10127,MT PRO .040 T4 VNT BLK SOFFT PTS12V,93.42,SQ,Roofing - Other,ABC Roofing,
LX140586B2,MT Pro .040 T4 Vit Mskt Brwn PTS12V_,128.25,SQ,Roofing - Other,ABC Roofing,
LXE5722E2B,MT Pro .040 T4 Ctr White PTS12CV,97.26,,Roofing - Other,ABC Roofing,
LX943E4837,MT Pro .042 D5 Sol Almond PTS10N,118.27,SQ,Roofing - Other,ABC Roofing,
LX71626179,MT Pro .042D5SolCameo PTS10N,100.77,SQ,Roofing - Other,ABC Roofing,
LX18E5AC74,MT Pro .042 05 Sol CL Cream PTSION,85.14,SQ,Roofing - Other,ABC Roofing,
LX1E2E1859,MT Pro 04205 SolDes Sand PTSTON,335.66,SQ,Roofing - Other,ABC Roofing,REVIEW - price may have OCR error
LX3FC8C306,MT Pro .042 D5 Sol Linen PTS10N,96.51,SQ,Roofing - Other,ABC Roofing,
LXBF8156BA,MT Pro .042 D5 Sol Sandtone PTS10N,87.53,SQ,Roofing - Other,ABC Roofing,
LX3044E353,MT Pro .042 D5 Sol Silv Grey PSION,111.93,SQ,Roofing - Other,ABC Roofing,
LXFB3A2574,MT Pro .042 D5 Sol Vict Grey PTS10N ',92.85,SQ,Roofing - Other,ABC Roofing,
LX1B361F21,MT Pro .042 D5 Sol Wicker PTS10N,114.03,SQ,Roofing - Other,ABC Roofing,
LXFCBDF0BD,MT Pro 042 D5 Sol Everest PTSION,85.92,SQ,Roofing - Other,ABC Roofing,
LX65202E1C,MT Pro .042 D5 Sol Harb Grey PTS10N,94.97,SQ,Roofing - Other,ABC Roofing,
LXCD5FC478,MT Pro .042 D5 Soi Peb Clay PTS10N,110.52,SQ,Roofing - Other,ABC Roofing,
LXE5188830,MT Pro .042 D5 Vnt Almond PTS10V,103.98,SQ,Roofing - Other,ABC Roofing,
LXBD9E6C91,MT Pro.042D5VntCameo PTS10V,81.08,SQ,Roofing - Other,ABC Roofing,
LX2C4685D1,MT Pro .042 D5 Vnt Des Sand PTST0V,401.57,SQ,Roofing - Other,ABC Roofing,REVIEW - price may have OCR error
LX99BF58D8,MT Pro .042 D5 Vnt Linen PTS10V,79.43,SQ,Roofing - Other,ABC Roofing,
LX02C6999C,MT Pro .042 D5 Vnt Sandtone PTS10V,92.03,SQ,Roofing - Other,ABC Roofing,
LXBA5AF18C,MT Pro .042 D5 Vnt Silv Grey PTS10V,78.54,SQ,Roofing - Other,ABC Roofing,
LXEF6C7FE5,MT Pro .042 D5 Vnt Vict Grey PTS10V,91.33,SQ,Roofing - Other,ABC Roofing,
LX1A660C5F,MT Pro .042 DS Vnt Wicker PTS10V_,111.88,SQ,Roofing - Other,ABC Roofing,
LX7D257D8B,MT Pro .042 D5 Vnt Everest PTS10V_,90.76,SQ,Roofing - Other,ABC Roofing,
LX261981F8,MT Pro .042 D5 Vnt Harb Grey PTS10V,106.80,SQ,Roofing - Other,ABC Roofing,
LXE6229899,MT Pro .042 D5 Vit Peb Clay PTS10V,78.69,SQ,Roofing - Other,ABC Roofing,
LX8960464B,GAF SG Timb Nat Shad Barkwood 3/5.,76.69,SQ,Roofing - Other,ABC Roofing,
LXDCABD88C,GAF SG Timb Nat Shad Charcoal 3/5.,87.35,SQ,Roofing - Other,ABC Roofing,
LXCB67AE96,GAF SG Timb Nat Shad Hickory,100.28,SQ,Roofing - Other,ABC Roofing,
LX90B4675E,GAF SG Timb Nat Shad Shakewood,101.61,SQ,Roofing - Other,ABC Roofing,
LXF96FD015,GAF SG Timb Nat Shad Slate 3/S.,104.71,SQ,Roofing - Other,ABC Roofing,
LXF0B4A2BC,"GAF Weatherwatch 36""X66.7"" 2SQ/RL '",61.39,RL,Roofing - Other,ABC Roofing,
LX4220F7BB,Paint Nx Touch Up Black 1202 TUBK*,10.71,,Roofing - Other,ABC Roofing,
LX311C98BB,AX Louv Exhaust #18 Exvent Portsmth,285.46,PC,Ventilation,Mastic Siding/Trim,REVIEW - price may have OCR error
LX312B6A39,AX Louv Exhaust iF Exvent,292.05,PC,Ventilation,Mastic Siding/Trim,REVIEW - price may have OCR error
LXED0D76D6,AX Louv Exhaust #44 Exvent Linen,52.35,PC,Ventilation,Mastic Siding/Trim,
LX6E9A5359,AX Louv Exhaust #52 Exvent Peb Clay,344.39,PC,Ventilation,Mastic Siding/Trim,REVIEW - price may have OCR error
LX5FE356EF,AX Louv Exhaust #PW Exvent,326.05,PC,Ventilation,Mastic Siding/Trim,REVIEW - price may have OCR error
LX5DF27C93,AX Louv Exhaust #18 Exvent Sage,291.83,PC,Ventilation,Mastic Siding/Trim,REVIEW - price may have OCR error
LX057BBC91,AX Louv Exhaust #02 Exvent Sil Grey,407.62,PC,Ventilation,Mastic Siding/Trim,REVIEW - price may have OCR error
LX87A3B02A,AX Louv Exhaust #9 Exvent Sandtone,298.30,PC,Ventilation,Mastic Siding/Trim,REVIEW - price may have OCR error
LXFAA8BB87,AX Louv Exhaust #04 Exvent White,346.19,PC,Ventilation,Mastic Siding/Trim,REVIEW - price may have OCR error
LXD759E98D,"MT 1-1/4 J 1°F Des Sand 20/0 MVJ125,",9.32,PC,J-Channel,Mastic Siding/Trim,
LX9A73CD68,MT 1-1/4 J 1°F Harb Gry 20/6 MVJ125,8.72,PC,J-Channel,Mastic Siding/Trim,
LX616ABFC7,MT 1-1/4 J 1°F M Suede 20/6 MVJ125,9.53,PC,J-Channel,Mastic Siding/Trim,
LX63BB6C2C,MT 1-1/4 J °F Q Willow 20/C MVJ125,11.16,PC,J-Channel,Mastic Siding/Trim,
LX72915357,MT 1-1/4 J °F White 20/6 MVJ125,8.55,PC,J-Channel,Mastic Siding/Trim,
LX3A7A7263,"Mastic 1-1/4 J 1""Face Almond MVJ121",10.82,PC,J-Channel,Mastic Siding/Trim,
LX57E208F7,"Mastic 1-1/4 J 1""Face CL Cream MVJ121",9.44,PC,J-Channel,Mastic Siding/Trim,
LX66999F79,"Mastic 1-1/4 J 1""Face D Granite MVJ121",10.58,PC,J-Channel,Mastic Siding/Trim,
LXF2B76AD1,Mastic 1-1/4 J 1*Face Desrt Sand MVJ121,9.96,PC,J-Channel,Mastic Siding/Trim,
LX4B011034,MT 1-1/4 J 1'Face Everest MVJ121,10.79,PC,J-Channel,Mastic Siding/Trim,
LX608B2387,"MT 1-1/4 J 1""Face Eng Wedgew MVJ121",10.59,PC,J-Channel,Mastic Siding/Trim,
LX3D1C0A1A,"Mastic 1-1/4 J 1""Face Harbor Gry MVJ121",8.62,PC,J-Channel,Mastic Siding/Trim,
LX063F1453,"MT 1-1/4 J 1""Face Lakeshore MVJ121",11.09,PC,J-Channel,Mastic Siding/Trim,
LX54F6C6AA,"Mastic 1-1/4 J 1""Face Linen MVJ121",8.92,PC,J-Channel,Mastic Siding/Trim,
LX00CE79D0,Mastic 1-1/4 J 1’Face Misty Shdw MVJ121,10.05,PC,J-Channel,Mastic Siding/Trim,
LX7DB7C558,"Mastic 1-1/4 J 1""Face Peb Clay MVJ121",8.32,PC,J-Channel,Mastic Siding/Trim,
LXE8014F5D,"Mastic 1-1/4 J 1""Face Rugged Can MVJ121",8.53,PC,J-Channel,Mastic Siding/Trim,
LX14C19B0C,Mastic 1-1/4 J 1”Face Russet Red MVJ121,9.81,PC,J-Channel,Mastic Siding/Trim,
LX2BF6A36D,"Mastic 1-1/4 J 1""Face Silver Gry MVJ121",11.05,PC,J-Channel,Mastic Siding/Trim,
LX7079C5D6,"Mastic 1-1/4 J 1""Face Sandtone MVJ121",10.17,PC,J-Channel,Mastic Siding/Trim,
LX55F0C63F,"MT 1-1/4 J 1""Face White MVJ121",11.20,PC,J-Channel,Mastic Siding/Trim,
LXE186422F,"Mastic 1-1/4 J 1""Face Wicker MVJ121",9.99,PC,J-Channel,Mastic Siding/Trim,
LXDA03312A,"MT 5/8 J 1"" Face Dreamcolor MVJO51",77.68,PC,J-Channel,Mastic Siding/Trim,
LX5EB993CD,"Mastic 5/8 J 1"" Face Alpine Fst MVJO51",5.71,PC,J-Channel,Mastic Siding/Trim,
LX174EA469,"Mastic 5/8 J 1"" Face Aut Harvest MVJO51",8.12,PC,J-Channel,Mastic Siding/Trim,
LX8F03CD19,"MT 5/8 J 1"" Face Almond MVJO51",5.58,PC,J-Channel,Mastic Siding/Trim,
LX6227BEAF,"MT 5/8 J 1"" Face Amer Walnut MVJO51",6.06,PC,J-Channel,Mastic Siding/Trim,
LX10570C6B,"MT 5/8 J 1"" Face Brunswick MVJO51",5.63,PC,J-Channel,Mastic Siding/Trim,
LX6F45F791,"MT 5/8 J 1"" Face Brandy Wood MVJ051",5.88,PC,J-Channel,Mastic Siding/Trim,
LX3B7B7D8F,"Mastic 5/8 J 1"" Face Bayou MVJ051",7.82,PC,J-Channel,Mastic Siding/Trim,
LX0215D15F,MT 5/8 J 1” Face Cameo MVJO51,99.61,PC,J-Channel,Mastic Siding/Trim,
LX84F2B9C2,"MT 5/8 J 1"" Face CL Cream MVJO51",5.76,PC,J-Channel,Mastic Siding/Trim,
LX0C69033F,"MT 5/8 J 1"" Face Cape Cod GY MVJ051",8.14,PC,J-Channel,Mastic Siding/Trim,
LX60B09E44,"MT 5/8 J 1"" Face Civ Binstn MVJO51",8.15,PC,J-Channel,Mastic Siding/Trim,
LXB2D34FFE,"MT 5/8 J 1"" Face Corn Sik MVJO51",5.06,PC,J-Channel,Mastic Siding/Trim,
LX37246F9D,"MT 5/8 J 1"" Face Col Yellow MVJO51",4.27,PC,J-Channel,Mastic Siding/Trim,
LXB955A7E7,"Mastic 5/8 J 1"" Face Deep Cavern MVJO51",5.86,PC,J-Channel,Mastic Siding/Trim,
LX444F7C94,"MT 5/8 J 1"" Face Deep Granit MVJO51",5.85,PC,J-Channel,Mastic Siding/Trim,
LX604251A4,"MT 5)8 J 7"" Face Desert Sand MVJ0St",62.29,PC,J-Channel,Mastic Siding/Trim,
LX2A3DE49E,"MT 5/8 J 1"" Face Everest MVJ057",5.05,PC,J-Channel,Mastic Siding/Trim,
LX6E349B75,"MT 5/8 J 1"" Face English WW MVJ051 '",8.03,PC,J-Channel,Mastic Siding/Trim,
LX07390A97,"MT 5/8 J 1"" Face Glacier Blu MVJO51",42.12,PC,J-Channel,Mastic Siding/Trim,
LX69CE8478,MT 5/8 J 1” Face Lakshr Fern MVJO51,7.44,PC,J-Channel,Mastic Siding/Trim,
LXEA3D643D,MT 5/8 J 1* Face Linen MVJOS7,4.70,PC,J-Channel,Mastic Siding/Trim,
LX918AF5F7,"MT 5/8 J 1"" Face Mahogany MVJO51",108.00,PC,J-Channel,Mastic Siding/Trim,
LX65BFDC34,MT 5/6 J 1 Face M Brown MVJO51,6.79,PC,J-Channel,Mastic Siding/Trim,
LXCA067D6C,MT 5/6 JT Face Misty Shadw MVJOB1,41.46,PC,Siding - Other,Mastic Siding/Trim,
LXC90142B9,"Mastic 5/8 J 1"" Face Modern Iron MVJO51 ‘",8.40,PC,J-Channel,Mastic Siding/Trim,
LX1C70B8CE,"MT 5/8 J 1"" Face Mont Suede MVJO51 '",7.42,PC,J-Channel,Mastic Siding/Trim,
LX38599109,"MT 5/8 J 1"" Face Newport Bay MVJ051 ‘",7.50,PC,J-Channel,Mastic Siding/Trim,
LX3F5AE881,MT 5/8 J 1” Face Natural Sit MVJO5t,44.82,PC,J-Channel,Mastic Siding/Trim,
LXA00CB2B7,"MT 5/8 J 1"" Face Pebble Clay MVJ051 '",5.67,PC,J-Channel,Mastic Siding/Trim,
LX2C9AE71C,"MT 5/8 J 1"" Face Portsmouth MVJO51",7.46,PC,J-Channel,Mastic Siding/Trim,
LX0CA30AD8,"MT 5/8 J 1"" Face Quiet Willo MVJO51",38.98,PC,J-Channel,Mastic Siding/Trim,
LXAC5CAA7A,"MT 5/8 J 1"" Face Red Brick MVJ051",8.27,PC,J-Channel,Mastic Siding/Trim,
LXF9479701,MT 5/6 J 1” Face Rugged Cany MVJO51,6.15,PC,J-Channel,Mastic Siding/Trim,
LX3C11910C,"MT 5/8 J 1"" Face Rock Harbor MVJ051",6.55,PC,J-Channel,Mastic Siding/Trim,
LX17028BC7,MT 5/6 J 1” Face Russet Red MVJO5t,5.52,PC,J-Channel,Mastic Siding/Trim,
LX49483F3D,"MT 5/8 J 1"" Face Silver Grey MVJO51",4.51,PC,J-Channel,Mastic Siding/Trim,
LX04F51317,"MT 5/8 J 1"" Face Scottish TH MVJ051",4.37,PC,J-Channel,Mastic Siding/Trim,
LXC04A2443,"MT 5/8 J 1"" Face Sandtone MVJ051",5.23,PC,J-Channel,Mastic Siding/Trim,
LX42F8F2A8,"MT 5/8 J 1"" Face Tuscan Olve MVJO51",4.19,PC,J-Channel,Mastic Siding/Trim,
LXF3C36C0E,"MT 5/8 J 1"" Face Timber Stne MVJ0S1",7.60,PC,Siding - Other,Mastic Siding/Trim,
LX34053CD5,"MT 5/8 J 1"" Face Vntge Dblin MVJ0S1",7.60,PC,J-Channel,Mastic Siding/Trim,
LXB57638F5,"MT 5/8 J 1"" Face Vic Grey MVJO51",3.88,PC,J-Channel,Mastic Siding/Trim,
LXD5CE2702,"MT 5/8 J 1"" Face Wdland Grn MVJ051",5.75,PC,J-Channel,Mastic Siding/Trim,
LX46D15B02,"Mastic 5/8 J 1"" Face White MVJO51",5.42,PC,J-Channel,Mastic Siding/Trim,
LX789759D2,"MT 5/8 J 1"" Face Wicker MVJ051",4.21,PC,J-Channel,Mastic Siding/Trim,
LX8F3334A5,"MT 5/8 J 1"" Face Wood! Retrt MVJO51",8.58,PC,J-Channel,Mastic Siding/Trim,
LX82AEB169,"MT 5/8 J 1"" Face Whisp Timbr MVJOS1",8.69,PC,Siding - Other,Mastic Siding/Trim,
LX1C3A9B08,"MT 7/8 J 1"" Face Alpine Fst MVJO71",9.85,PC,J-Channel,Mastic Siding/Trim,
LX95A3E7CE,"MT 7/8 J 1"" Face Aut Harvest MVJO71",6.61,PC,J-Channel,Mastic Siding/Trim,
LX79BA88DC,"MT 7/8 J 1"" Face Almond MVJO71",5.63,PC,J-Channel,Mastic Siding/Trim,
LX9F9A3290,"MT 7/8 J 1"" Face Amer Walnut MVJO71",9.31,PC,J-Channel,Mastic Siding/Trim,
LX89571CA2,"MT 7/8 J 1"" Face Brandy Wood MVJO71",9.27,PC,J-Channel,Mastic Siding/Trim,
LX2EDD7A66,"MT 7/8 J 1"" Face Cameo MVJO71",5.12,PC,J-Channel,Mastic Siding/Trim,
LX9F5B2E0A,"MT 7/8 J 1"" Face CL Cream MVJO71",4.89,PC,J-Channel,Mastic Siding/Trim,
LXF7DE9E82,"MT 7/8 J 1"" Face Cape Cod GY MVJO71",33.78,PC,J-Channel,Mastic Siding/Trim,
LX7E3F8840,"Mastic 7/8 J 1"" Face Corn Silk MVJO71",6.50,PC,J-Channel,Mastic Siding/Trim,
LXA19EB09E,"MT 7/8 J 1"" Face Col Yellow MVJO71",7.02,PC,J-Channel,Mastic Siding/Trim,
LXC849314B,"MT 7/8 J 1"" Face Deep Cavern MVJO71",8.19,PC,J-Channel,Mastic Siding/Trim,
LX72BA9DB5,"Mastic 7/8 J 1"" Face Deep Granit MVJO71",7.02,PC,J-Channel,Mastic Siding/Trim,
LX3835C7BD,"Mastic 7/8 J 1"" Face Desert Sand MVJO71",5.19,PC,J-Channel,Mastic Siding/Trim,
LX394F18FD,"Mastic 7/8 J 1"" Face Everest MVJO71",5.43,PC,J-Channel,Mastic Siding/Trim,
LX104C0104,"Mastic 7/8 J 1"" Face English WW MVJ071",5.76,PC,J-Channel,Mastic Siding/Trim,
LX434A5786,"MT 7/8 J 1"" Face Glacier Blu MVJO71",9.51,PC,J-Channel,Mastic Siding/Trim,
LX3A97D133,"MT 776 J 1"" Face Harbor Grey MVJO7T",40.21,PC,J-Channel,Mastic Siding/Trim,
LX3C8FC169,MT 7/8.J 7 Face iron MVIO7T,6.50,PC,J-Channel,Mastic Siding/Trim,
LX38A57CC5,"MT 7/83 1"" Face Lakeshore MVJO71",41.67,PC,Siding - Other,Mastic Siding/Trim,
LX5018DCB1,"_ | MT 7/8.) 1"" Face Linen MVJOT1",40.05,PC,Siding - Other,Mastic Siding/Trim,
LX662EA5FA,MT 7/8 JT Face Misty ShadwWVio71,30.09,PC,Siding - Other,Mastic Siding/Trim,
LX6D74C64E,"MT 776 J 1"" Face Mont SuedeMVJO71",32.61,PC,J-Channel,Mastic Siding/Trim,
LX36E94E3D,"Mastic 7/8 J 1"" Face NewportBayMVJO71",42.65,PC,J-Channel,Mastic Siding/Trim,
LX8439B58E,MT 7/8 J 1” Face Nat CedarMVJO71,35.28,PC,J-Channel,Mastic Siding/Trim,
LX255FFEFE,Mastic 7/8 J 1” Face NaturalSiMVJO77,38.71,PC,J-Channel,Mastic Siding/Trim,
LX40A51866,"Mastic 7/8 J 1"" Face PebbleClayMVJO71",6.55,PC,J-Channel,Mastic Siding/Trim,
LX6FF2DD9F,MT 7/8 J 1 Face PortsmouthMVJO71,8.43,PC,J-Channel,Mastic Siding/Trim,
LX452D8139,"Mastic 7/8 J 1"" Face Quiet WiloMVJOT1",42.47,PC,J-Channel,Mastic Siding/Trim,
LX322D69E4,"Mastic 7/8 J 1"" Face Red BrickMVJO71",40.12,PC,J-Channel,Mastic Siding/Trim,
LX877378B3,Mastic 7/8 J 1” Face RuggedCanyMVJ071,6.61,PC,J-Channel,Mastic Siding/Trim,
LXF196D384,MT 7/8 J 1” Face Rock HarborMiVJ071,7.74,PC,J-Channel,Mastic Siding/Trim,
LX3240DFD7,Mastic 7/8 J 1” Face Russet ReaMVJO71,6.78,PC,J-Channel,Mastic Siding/Trim,
LX2A799EFD,Mastic 7/8 J 1” Face Sage MVJO71,5.11,PC,J-Channel,Mastic Siding/Trim,
LX37A672B2,"MT 7/8 J 1"" Face Silver Grey MVJO71",35.85,PC,J-Channel,Mastic Siding/Trim,
LX41F38997,"MT 7/8 J 1"" Face Scottish TH MVJO71",30.31,PC,J-Channel,Mastic Siding/Trim,
LX0D2E745E,"MT 7/8 J 1"" Face Sandtone MVJO7+",7.01,PC,J-Channel,Mastic Siding/Trim,
LX3B511E59,"MT 7/8 J 1"" Face Terra Cotta MVJO71",6.88,PC,J-Channel,Mastic Siding/Trim,
LX3F13C6D9,"Mastic 7/8 J 1"" Face Tuscan Olve MVJO74",6.36,PC,J-Channel,Mastic Siding/Trim,
LXC5396920,"MT 7/8 J 1"" Face Timber Sine MVJO71",8.55,PC,Siding - Other,Mastic Siding/Trim,
LX9721BBBB,"Mastic 7/8 J 1"" Face Vic Grey MVJO71",6.82,PC,J-Channel,Mastic Siding/Trim,
LXCA6F8098,"MT 7/8 J 1"" Face Vineyrd Grv MVJO71",35.05,PC,J-Channel,Mastic Siding/Trim,
LXFE1CEF40,"MT 7/8 J 1"" Face Wdland Gin MVJO71",8.79,PC,J-Channel,Mastic Siding/Trim,
LXBF41973F,MT 7/8 J 1” Face White MVJO71,5.02,PC,J-Channel,Mastic Siding/Trim,
LXCD193635,"MT 7/8 J 1"" Face Wicker MVJO71",5.52,PC,J-Channel,Mastic Siding/Trim,
LX0718F872,Mastic 7/8 J 1” Face Wood! RetrtMVJO71,10.25,PC,J-Channel,Mastic Siding/Trim,
LX0BD230AF,"MT 7/8 J 1"" Face Whisp TimbrMVJO71",8.26,PC,Siding - Other,Mastic Siding/Trim,
LX86147609,"MT Soffit J 1/2"" Wicker MVJO4",3.92,PC,J-Channel,Mastic Siding/Trim,
LX29FF93E6,MT Ovation D4.5 DL Almond OVD45,79.41,SQ,Siding - Other,Mastic Siding/Trim,
LX59D467A4,MT Ovation D4.5 DL Cameo OVD45,89.87,SQ,Siding - Other,Mastic Siding/Trim,
LXE3A37188,MT Ovation D4.5 DL CL Cream OVD45,99.51,SQ,Siding - Other,Mastic Siding/Trim,
LXA51346B5,MT Ovation D4.5 DL D Granite OVD45,78.89,SQ,Siding - Other,Mastic Siding/Trim,
LXA0BA01B6,MT Ovation D4.5 DL Des Sand OVD45,101.62,SQ,Siding - Other,Mastic Siding/Trim,
LX6EB38500,MT Ovation D4.5 DL E Wedgewd OVD45,428.06,SQ,Siding - Other,Mastic Siding/Trim,REVIEW - price may have OCR error
LX54AD9BD7,MT Ovation D4.5 DL Harbor Gry OVD45,94.84,SQ,Siding - Other,Mastic Siding/Trim,
LX62FB0657,MT Ovation D4.5 DL Linen OVD45,81.70,SQ,Siding - Other,Mastic Siding/Trim,
LXDE32783C,MT Ovation D4.5 DL Newprt Bay OVD45,134.15,SQ,Siding - Other,Mastic Siding/Trim,
LXE73F97D5,MT Ovation D4.5 DL Nat Slate OVD45,152.26,,Siding - Other,Mastic Siding/Trim,
LX5CFC6A60,MT Ovation D4.5 DL Peb Clay OVD45,103.96,SQ,Siding - Other,Mastic Siding/Trim,
LX74AEE619,MT Ovation 04.5 DL Q Willow OVD45,96.31,SQ,Siding - Other,Mastic Siding/Trim,
LX870917F5,MT Ovation D4.5 DL Sage OVD45,69.64,SQ,Siding - Other,Mastic Siding/Trim,
LXB0EEF114,MT Ovation D4.5 DL Silver Gry OVD45,89.60,SQ,Siding - Other,Mastic Siding/Trim,
LX2EA9B860,MT Ovation D4.5 DL Sandione OVD45 ',101.27,SQ,Siding - Other,Mastic Siding/Trim,
LXDCAD95DF,MT Ovation D45 DL Tus Olive OVD4S ',89.60,SQ,Siding - Other,Mastic Siding/Trim,
LXF2489206,MT Ovation D4.5 DL Vie Grey OVD45 ',101.84,SQ,Siding - Other,Mastic Siding/Trim,
LX76639334,MT Ovation D4.5 DL White OVD45,95.26,SQ,Siding - Other,Mastic Siding/Trim,
LX0E83CC9E,MT Ovation D4.5 DL Wicker OVD45 ',90.10,SQ,Siding - Other,Mastic Siding/Trim,
LXC0246883,MT Ovation D4 Cameo OV40,94.57,SQ,Siding - Other,Mastic Siding/Trim,
LX98285979,MT Ovation D4 Classic CreamOV40,2.34,SQ,Siding - Other,Mastic Siding/Trim,
LX6ADD08E8,MT Ovation D4 Deep GraniteOVad $i,6.17,,Siding - Other,Mastic Siding/Trim,
LX0068E90C,MT Ovation Dé Everest OV40,2.83,SQ,Siding - Other,Mastic Siding/Trim,
LX677D77BF,MT Ovation D4 English WedgewdOvad,91.11,,Siding - Other,Mastic Siding/Trim,
LXCC749B0C,MT Ovation D4 Harbor Grey OV40,460.33,SQ,Siding - Other,Mastic Siding/Trim,REVIEW - price may have OCR error
LXCC974388,MT Ovation D4 Newport Bay OV40,159.89,,Siding - Other,Mastic Siding/Trim,
LX1CB2F29D,MT Ovation Dé Natural Siate OV40,128.10,SQ,Siding - Other,Mastic Siding/Trim,
LXC595C2D4,MT Ovation D4 Quiet Willow OV40 s,101.51,SQ,Siding - Other,Mastic Siding/Trim,
LXD6985662,MT Ovation Dé Red Brick OV40,137.22,,Siding - Other,Mastic Siding/Trim,
LX9A64E58A,MT Ovation Dé Rugged CanyonOV40,84.18,,Siding - Other,Mastic Siding/Trim,
LX4A1FF9AA,MT Ovation D4 Sage OV40,79.05,,Siding - Other,Mastic Siding/Trim,
LX90E6E4C5,MT Ovation Dé Scottish ThistieOV40,106.53,,Siding - Other,Mastic Siding/Trim,
LXA11457AC,MT Ovation D4 Tuscan OliveOV40,347.95,SQ,Siding - Other,Mastic Siding/Trim,REVIEW - price may have OCR error
LX90906D57,MT Ovation D4 Vielorian GreyOV40,78.27,SQ,Siding - Other,Mastic Siding/Trim,
LX30130AAA,MT Ovation D4 White O40 ',90.50,SQ,Siding - Other,Mastic Siding/Trim,
LX7D36C92F,MT Ovation D4 Wicker OVO,2.59,SQ,Siding - Other,Mastic Siding/Trim,
LX47C685A6,MT Ovation D5 Almond OV50,80.24,SQ,Siding - Other,Mastic Siding/Trim,
LX33320CFB,MT Ovation D5 Cameo OVS0,91.46,,Siding - Other,Mastic Siding/Trim,
LX009DE1BD,MT Ovation D5 Newport BayOV50,134.88,SQ,Siding - Other,Mastic Siding/Trim,
LX111DF908,MT Ovation DS Pebble ClayOV50,88.11,SQ,Siding - Other,Mastic Siding/Trim,
LXFA8AB01B,MT Ovation DS Quiet WillowOV50 ',87.04,,Siding - Other,Mastic Siding/Trim,
LX6954BB63,MT Ovation D5 Sage OV50,7.58,SQ,Siding - Other,Mastic Siding/Trim,
LXBC9A7914,MT Ovation D5 Siiver GreyOV50,73.45,SQ,Siding - Other,Mastic Siding/Trim,
LX0FEF96DD,MT Ovation D5 Scottish ThistleOVS0,83.74,SQ,Siding - Other,Mastic Siding/Trim,
LXD6904BDF,MT Ovation DS White OV50,74.72,,Siding - Other,Mastic Siding/Trim,
LXCE24A13D,MT Ovation DS Wicker OV50,8.17,SQ,Siding - Other,Mastic Siding/Trim,
LXC13FE2AD,Mastic New Isc 3/4” Alpine ForstMiCP06,271.66,PC,Siding - Other,Mastic Siding/Trim,REVIEW - price may have OCR error
LX2DF63FB8,Mastic New Isc 3/4” Aut HarvesiMICPO6,32.56,PC,Siding - Other,Mastic Siding/Trim,
LX144718E0,"Mastic New Isc 3/4"" Almond MICPOS",6.67,PC,Siding - Other,Mastic Siding/Trim,
LX6FE0E206,MT New Iso 3/4” Brunswick MICPO6,8.92,PC,Siding - Other,Mastic Siding/Trim,
LXF1F3975E,MT New Isc 3/4” Brandy Wood MICPO6,16.45,PC,Siding - Other,Mastic Siding/Trim,
LXAD858542,MT New Isc 3/4” Cameo MICPO6,6.58,PC,Siding - Other,Mastic Siding/Trim,
LX0D958780,MT New Isc 3/4” Classic Crm MICPO6,41.20,PC,Siding - Other,Mastic Siding/Trim,
LX3B61E8AC,MT New Isc S/d” Cape Cod Gry MICPO6,338.74,PC,Siding - Other,Mastic Siding/Trim,REVIEW - price may have OCR error
LX61467286,MT New Isc 3/4” Corn Sik MICPO6,8.23,PC,Siding - Other,Mastic Siding/Trim,
LXE1C2BCC1,"MT New Ise 3/4"" Colonial Vw MICPO6",42.18,PC,Siding - Other,Mastic Siding/Trim,
LX61F1A7CE,Mastic New Isc 3/4” Deep Cavern MICPO6,335.32,PC,Siding - Other,Mastic Siding/Trim,REVIEW - price may have OCR error
LX2BC85625,MT New Isc 3/4” Deep Granite MICPO6,11.14,PC,Siding - Other,Mastic Siding/Trim,
LX18A5F784,MT New Isc 3/4” Desert Sand MICPO6,45.82,PC,Siding - Other,Mastic Siding/Trim,
LX9F3CA985,MT New Isc 3/4” Everest MICPOO,7.90,PC,Siding - Other,Mastic Siding/Trim,
LXBF3908C3,MT New Isc 3/4” English WW MICPO6,39.29,PC,Siding - Other,Mastic Siding/Trim,
LXFD5FBEBE,MT New Isc 3/4” Glacier Blue MICPO6,18.69,PC,Siding - Other,Mastic Siding/Trim,
LX8EF320C7,MT New Isc 3/4” Harbor Grey MICPO6,7.75,PC,Siding - Other,Mastic Siding/Trim,
LX44D4F2EA,MT New ISC 3/4” Lakeshr Fem MICPOS,43.76,PC,Siding - Other,Mastic Siding/Trim,
LX23C8F4B7,MT New Isc 3/4” Linen MICPOB,8.38,PC,Siding - Other,Mastic Siding/Trim,
LX931AE314,MT New Isc 3/4” Misty Shadow MICPO6,9.93,PC,Siding - Other,Mastic Siding/Trim,
LXB17F46B3,MT New Isc 3/4” Modem Iron MICPO6,8.75,PC,Siding - Other,Mastic Siding/Trim,
LXCD517088,MT New Isc 3/4” Montana Sued MICPO6 §,11.83,PC,Siding - Other,Mastic Siding/Trim,
LX1E9793FC,"MT New Isc 3/4"" Newport Bay MICPO6",17.63,PC,Siding - Other,Mastic Siding/Trim,
LX16B02C80,MT New Ise 3/4” Natural Cedr MICPO6,17.09,PC,Siding - Other,Mastic Siding/Trim,
LXDCDB4871,"MT New Isc 3/4"" Natural Sit MICPO6",18.16,PC,Siding - Other,Mastic Siding/Trim,
LX860C9E57,"MT New Isc 3/4"" Pebblestone MICPO6",40.27,PC,Siding - Other,Mastic Siding/Trim,
LX72CB4D42,MT New Isc 3/4” Portsmouth B MICPO6,9.32,PC,Siding - Other,Mastic Siding/Trim,
LX43EA2F81,Mastic New Isc 3/4* Quiet Willow MICPO6,8.51,PC,Siding - Other,Mastic Siding/Trim,
LX66340869,Mastic New Isc 3/4” Red Brick MICPO6,307.43,PC,Siding - Other,Mastic Siding/Trim,REVIEW - price may have OCR error
LX5FA66082,Mastic New Isc 3/4” Rugged Canyn MICPO8,44.23,PC,Siding - Other,Mastic Siding/Trim,
LX80952DFE,Mastic New Isc 3/4” Rock Harbor MICPO6,16.47,PC,Siding - Other,Mastic Siding/Trim,
LXF83E11CF,Mastic New Isc 3/4” Russet Red MICPO6,11.26,PC,Siding - Other,Mastic Siding/Trim,
LX3EE197CE,Mastic New Isc 3/4” Sage MICPO6,9.81,PC,Siding - Other,Mastic Siding/Trim,
LXD7F8CB6E,Mastic New Isc 3/4” Silver Grey MICPO6,10.39,PC,Siding - Other,Mastic Siding/Trim,
LX3B71668B,Mastic New Isc 3/4” Scottish Thi MICPO6,9.74,PC,Siding - Other,Mastic Siding/Trim,
LX290F43DE,Mastic New Isc 3/4” Sandtone MICPO6,8.30,PC,Siding - Other,Mastic Siding/Trim,
LX4A646ABB,Mastic New Isc 3/4” Tuscan OliveMICPO8,7.28,PC,Siding - Other,Mastic Siding/Trim,
LX106F3627,MT New Isc 3/4” Timber StoneMICPO6,17.15,PC,Siding - Other,Mastic Siding/Trim,
LX8B7F0370,MT New Isc 3/4” Vniige DublinMICPO6,10.00,PC,Siding - Other,Mastic Siding/Trim,
LXDB17743F,Mastic New Isc 3/4” VictorianGYMICPO6 ',8.43,PC,Siding - Other,Mastic Siding/Trim,
LXABF2D139,MT New Isc 3/4” WoodlandGmMICP06,17.62,PC,Siding - Other,Mastic Siding/Trim,
LXC2789735,Mastic New Isc 3/4” WhiteMICPO6 ‘,9.13,PC,Siding - Other,Mastic Siding/Trim,
LX08C5AAC2,Mastic New Isc 3/4” WickerMICPO6,10.08,PC,Siding - Other,Mastic Siding/Trim,
LX5ECF5B20,Mastic New Isc 3/4” WoodldRetrtMiCPO6,325.57,PC,Siding - Other,Mastic Siding/Trim,REVIEW - price may have OCR error
LX093D78D9,"Mastic New Isc 3/4"" WhisprTimbrMICPO6",17.96,PC,Siding - Other,Mastic Siding/Trim,
LX60EFCCF4,MT Iscp 3/4” Almond MVIPO6S:,8.78,PC,Siding - Other,Mastic Siding/Trim,
LX9615C9F2,"MT Iscp 3/4"" Cameo MVIPO6S:",37.35,PC,Siding - Other,Mastic Siding/Trim,
LXEAD0CADF,MT Iscp 3/4” Classic Cream MVIPO65,9.22,PC,Siding - Other,Mastic Siding/Trim,
LXD34AB12A,"MT Iscp 3/4"" Col Yellow MVIPO6S:",7.84,PC,Siding - Other,Mastic Siding/Trim,
LX2DE31380,"MT Iscp 3/4"" Desert Sand MVIPO65",7.05,PC,Siding - Other,Mastic Siding/Trim,
LXB68DB6E6,MT Iscp 3/4” Everest MVIPO6S:,7.44,PC,Siding - Other,Mastic Siding/Trim,
LXF4F16514,MT Iscp 3/4” Lakeshore Fem MVIPO8S,9.00,PC,Siding - Other,Mastic Siding/Trim,
LX1DEFA04F,MT Iscp 3/4” Montana Suede MVIPO65,9.34,PC,Siding - Other,Mastic Siding/Trim,
LX177B5A3E,MT Iscp 3/4” Pebble Clay MVIPO6S,7.83,PC,Siding - Other,Mastic Siding/Trim,
LX510BE629,MT Iscp 3/4” Silver Grey MVIPO6S,9.94,PC,Siding - Other,Mastic Siding/Trim,
LXDB748C58,MT Iscp 3/4” Sandtone MVIPO®5,33.50,PC,Siding - Other,Mastic Siding/Trim,
LX1855DED2,MT Iscp 3/4” Timber StoneMVIPO6S,17.83,PC,Siding - Other,Mastic Siding/Trim,
LXCE3D1A0E,MT Isop 3/4” WhiteMVIPO6S,7.32,PC,Siding - Other,Mastic Siding/Trim,
LX5CC6FAD7,MT Iscp 3/4” WickerMVIPO65,6.78,PC,Siding - Other,Mastic Siding/Trim,
LX768BB1EE,MT Ventura TS VntAutHarvstHVST0V,141.71,SQ,Ventilation,Mastic Siding/Trim,
LX67B82500,MT Ventura T3 VniCameo _ HVSTOV,189.78,SQ,Ventilation,Mastic Siding/Trim,
LX3FA080BA,MT Ventura T3 VntCL Cream HVSTOV,191.73,SQ,Ventilation,Mastic Siding/Trim,
LXC5826096,MT Ventura TS VntComSikHVS10V,203.84,SQ,Ventilation,Mastic Siding/Trim,
LX349BCD6D,MT Ventura T3 VntDGraniteHVS10V,188.94,SQ,Ventilation,Mastic Siding/Trim,
LXCEB2C625,MT Ventura T3 VntDesSand HVSTOV,188.49,SQ,Ventilation,Mastic Siding/Trim,
LXD8A3E258,MT Ventura TS VntEnglishWWHVS10V,190.58,SQ,Ventilation,Mastic Siding/Trim,
LXCE84CFD3,MT Ventura T3 VntLinen _HVS10V,147.08,,Ventilation,Mastic Siding/Trim,
LX52469514,MT Ventura TS VntMuskBrownHVS10V,483.58,SQ,Ventilation,Mastic Siding/Trim,REVIEW - price may have OCR error
LX448C1E83,MT Ventura T3 VntMistyShawHVS10V,149.24,SQ,Ventilation,Mastic Siding/Trim,
LX02265A54,MT Ventura TS VntPebClay HVS10V,541.59,SQ,Ventilation,Mastic Siding/Trim,REVIEW - price may have OCR error
LXBBE368B9,MT Ventura TS VntRCanyonHVS10V,176.76,SQ,Ventilation,Mastic Siding/Trim,
LX40F77F44,MT Ventura TS VntSilvrGreyHVS10V,187.09,SQ,Ventilation,Mastic Siding/Trim,
LX4B26FF4C,MT Ventura TS VntSThistleHVST0V,142.63,SQ,Ventilation,Mastic Siding/Trim,
LX64C87426,MT Ventura TS VniSandtone _HVS10V,212.71,SQ,Ventilation,Mastic Siding/Trim,
LX6CF1B3A2,MT Ventura T3 VntWhite,205.04,,Ventilation,Mastic Siding/Trim,
LX48B9BB25,MT Ventura 13 VntWicker,202.42,SQ,Ventilation,Mastic Siding/Trim,
LXF9070369,MT Finish Trim AlpineForestift,8.23,PC,Trim,Mastic Siding/Trim,
LX3B1EEFFA,MT Finish Trim AutumnHarvestMft,30.53,PC,Trim,Mastic Siding/Trim,
LXCAFB9659,MT Finish Trim AlmondMft,4.22,PC,Trim,Mastic Siding/Trim,
LXF092AD00,MT Finish Trim Amer Walnuthft,40.90,PC,Trim,Mastic Siding/Trim,
LX8437E5E4,MT Finish Trim Brunswick MFT,6.13,PC,Trim,Mastic Siding/Trim,
LXA2D27529,MT Finish Trim Brandy Wood Mf,5.67,PC,Trim,Mastic Siding/Trim,
LX903EDA54,Mastic Finish Trim Bayou MFT,37.65,PC,Trim,Mastic Siding/Trim,
LX98E01AB7,MT Finish Trim Cameo MR,5.25,PC,Trim,Mastic Siding/Trim,
LX4A1252E2,MT Finish Trim Classic CreamMft,3.68,PC,Trim,Mastic Siding/Trim,
LXC9C74BC3,MT Finish Trim Cape Cod GreyMift,33.36,PC,Trim,Mastic Siding/Trim,
LX6E5604AF,MT Finish Trim Civic BrownstoneMFT,5.54,PC,Trim,Mastic Siding/Trim,
LX521912DA,Mastic Finish Trim ComSikMRt,4.04,PC,Trim,Mastic Siding/Trim,
LXF5DC6B7B,Mastic Finish Trim ColYellowMrt,5.28,PC,Trim,Mastic Siding/Trim,
LXDB89706D,MT Finish Trim DeepCavernMft,5.55,PC,Trim,Mastic Siding/Trim,
LXB8F5E0D2,Mastic Finish Trim DeepGraniteMift,4.96,PC,Trim,Mastic Siding/Trim,
LX49D24E7B,Mastic Finish Trim DesertSandMit,4.47,PC,Trim,Mastic Siding/Trim,
LX8589804D,Mastic Finish Trim EverestMft,4.55,PC,Trim,Mastic Siding/Trim,
LXE14628B4,Mastic Finish Tim EnglishWedgewdMift,6.17,PC,Siding - Other,Mastic Siding/Trim,
LX9E7625FE,MT Finish Trim Glacier BlueMit,6.05,PC,Trim,Mastic Siding/Trim,
LX42173271,Mastic Finish Trim Harbor GreyMft,3.95,PC,Trim,Mastic Siding/Trim,
LX1262C603,Mastic Finish Trim LakeshoreFernMFT,5.21,PC,Trim,Mastic Siding/Trim,
LX2CC4C068,Mastic Finish Trim Linen Mit,4.90,PC,Trim,Mastic Siding/Trim,
LX532A872C,Mastic Finish Trim Misty ShadowMft,5.82,PC,Trim,Mastic Siding/Trim,
LXBE06F8AD,MT Finish Trim Modem Iron Mit,5.66,PC,Trim,Mastic Siding/Trim,
LX9C670553,Mastic Finish Tim Montana SuedeMit,4.16,PC,Siding - Other,Mastic Siding/Trim,
LX9AEC078E,Mastic Finish Trim Newport Bay Mft,37.30,PC,Trim,Mastic Siding/Trim,
LXFDCB94A2,MT Finish Trim Natural Cedar,6.33,PC,Trim,Mastic Siding/Trim,
LX885F9C68,Mastic Finish Trim NaturaiSiateMnt,31.92,PC,Trim,Mastic Siding/Trim,
LX6405D31A,Mastic Finish Trim PebbleClayMit,4.68,PC,Trim,Mastic Siding/Trim,
LX24E4AAF9,MT Finish Trim PortsmouthBlueMt,5.99,PC,Trim,Mastic Siding/Trim,
LX9C012496,MT Finish Trim Quiet WilowNift,5.32,PC,Trim,Mastic Siding/Trim,
LX2E931B7A,MT Finish Trim Red Brick Mit,8.22,PC,Trim,Mastic Siding/Trim,
LXD1BB9535,MT Finish Tim Rugged CanyonMift,36.12,PC,Siding - Other,Mastic Siding/Trim,
LX547E77D8,MT Finish Trim Rock Harbortift,7.71,PC,Trim,Mastic Siding/Trim,
LX5C58E1B8,MT Finish Trim RussetRedMint,5.78,PC,Trim,Mastic Siding/Trim,
LX92A08DF3,MT Finish Trim SilverGreyMft,3.60,PC,Trim,Mastic Siding/Trim,
LXC76FF5F4,MT Finish Trim Sandtonemft,5.45,PC,Trim,Mastic Siding/Trim,
LX90DF4A06,MT Finish Trim TuscanOliveMit,34.83,PC,Trim,Mastic Siding/Trim,
LX9AC6A3D3,MT Finish Trim TimberStoneMft,5.57,PC,Siding - Other,Mastic Siding/Trim,
LX0739DEAA,MT Finish Trim Viet Grey,4.50,PC,Trim,Mastic Siding/Trim,
LX6F35FAE5,MT Finish Trim WdlandGreenMit,6.34,PC,Trim,Mastic Siding/Trim,
LX2A16EECD,MT Finish Trim WhiteMft,35.68,PC,Trim,Mastic Siding/Trim,
LXBC073288,MT Finish Trim WickerMit,5.06,PC,Trim,Mastic Siding/Trim,
LXBC8C12B8,MT Finish Trim WoodiandRetreatMin,7.88,PC,Trim,Mastic Siding/Trim,
LX84B7EF4E,MT 3/4 WIG Ocp BrunswickAWOPO6,258.64,PC,Siding - Other,Mastic Siding/Trim,REVIEW - price may have OCR error
LXF36724D9,MT 3/4 WIG Ocp Brandy WoodAWOPO6 ',32.72,PC,Siding - Other,Mastic Siding/Trim,
LX578D0E06,MT 5/4 WIG OCP BAYOU AWOPO6,94.27,PC,Siding - Other,Mastic Siding/Trim,
LXEC4D11EA,Mastic 3/4 WIG Ocp Modem Iron AWOPOS,20.64,PC,Siding - Other,Mastic Siding/Trim,
LX81E2BE07,MT 3/4 WIG Oop Autumn Harvst AWOPO6,332.63,PC,Siding - Other,Mastic Siding/Trim,REVIEW - price may have OCR error
LX8A4EEEBF,MT 3/4 WIG Ocp Almond AWOPO6,19.82,PC,Siding - Other,Mastic Siding/Trim,
LX0C65BB53,Mastic 3/4 WIG OCP Bayou AWOPO6 ',17.58,PC,Siding - Other,Mastic Siding/Trim,
LX32A02A0B,MT 3/4 WIG Ocp Civic Brwnsin AWOPO6,21.91,PC,Siding - Other,Mastic Siding/Trim,
LXC4C3F5B3,MT 3/4 WIG Oop Com Sik AWOPO6,18.50,PC,Siding - Other,Mastic Siding/Trim,
LXA9C9CECC,MT 3/4 WIG Ocp Col Yellow AWOPOS ‘,13.57,PC,Siding - Other,Mastic Siding/Trim,
LXB15E61BE,Mastic 3/4 WIG Ocp Deep Cavern AWOPOS,32.27,PC,Siding - Other,Mastic Siding/Trim,
LX5C51B4E0,MT 3/4 WIG Ocp Deep Granite AWOPOS,319.23,PC,Siding - Other,Mastic Siding/Trim,REVIEW - price may have OCR error
LX0EC16824,MT 3/4 WIG Ocp English Wedaw AWOPO6 ',79.38,PC,Siding - Other,Mastic Siding/Trim,
LX3FD00282,MT 3/4 WIG Ocp Harbor Grey AWOPO6,47.75,PC,Siding - Other,Mastic Siding/Trim,
LXEF3568B2,MT 3/4 WIG Ocp Lakeshore Fm AWOPO6,439.66,PC,Siding - Other,Mastic Siding/Trim,REVIEW - price may have OCR error
LX2BF28D8D,MT 3/4 WIG Oop Linen AWOPOE,17.18,PC,Siding - Other,Mastic Siding/Trim,
LX248B47D8,MT 3/4 WIG OCP MAHOGANY AWOPO6,28.43,PC,Siding - Other,Mastic Siding/Trim,
LX7BD99543,MT 3/4 WIG Ocp Mont Suede AWOPOS,84.20,PC,Siding - Other,Mastic Siding/Trim,
LX131B7ED6,MT 3/4 WIG Ocp Natural Cedar AWOPO6,281.35,PC,Siding - Other,Mastic Siding/Trim,REVIEW - price may have OCR error
LX37702F42,MT 3/4 WIG Oop Natural Slate AWOPO6,31.22,PC,Siding - Other,Mastic Siding/Trim,
LX3527E548,MT 3/4 WIG Oop Pabbie Clay AWOPO6,308.55,PC,Siding - Other,Mastic Siding/Trim,REVIEW - price may have OCR error
LX4A477B0F,MT 3/4 WIG Ocp Portsmouth BL AWOPO6,330.71,PC,Siding - Other,Mastic Siding/Trim,REVIEW - price may have OCR error
LX045CADE3,MT 3/4 WIG Ocp Quiet Willow AWOPOS ',21.11,PC,Siding - Other,Mastic Siding/Trim,
LXC43B119F,Mastic 3/4 WIG Ocp Red Brick AWOPO6,269.42,PC,Siding - Other,Mastic Siding/Trim,REVIEW - price may have OCR error
LXF92C2812,MT 3/4 WIG Ocp Rugged Canyon AWOPO6 ¥,21.83,PC,Siding - Other,Mastic Siding/Trim,
LX959FBDF5,Mastic 3/4 WIG Oop Rack Harbor AWOPO6,26.05,PC,Siding - Other,Mastic Siding/Trim,
LXFECF1D4E,Mastic 3/4 WIG Oop Russet Red AWOPOS,14.33,PC,Siding - Other,Mastic Siding/Trim,
LX3698571D,MT 3/4 WIG Ocp Silver Grey AWOPO6,331.90,PC,Siding - Other,Mastic Siding/Trim,REVIEW - price may have OCR error
LX570B07AA,MT 3/4 WIG Ocp Sandtone AWOPO6,14.95,PC,Siding - Other,Mastic Siding/Trim,
LX1055082B,MT 3/4 WIG Ocp Terra Cotta AWOPO6,21.73,PC,Siding - Other,Mastic Siding/Trim,
LXE163222C,MT 3/4 WIG Ocp Tuscan Olive AWOPO6,16.50,PC,Siding - Other,Mastic Siding/Trim,
LX4AC9A8F1,MT 3/4 WIG Ocp Timber Stone AWOPO6,19.28,PC,Siding - Other,Mastic Siding/Trim,
LXC79EA48E,MT 3/4 WIG Ocp Vnige Dublin AWOPO6:,22.22,PC,Siding - Other,Mastic Siding/Trim,
LX66008534,MT 3/4 WIG Ocp Viet Grey AWOPO6,19.53,PC,Siding - Other,Mastic Siding/Trim,
LX139D9999,MT 3/4 WIG Ocp Wdland Green AWOPO6,26.52,PC,Siding - Other,Mastic Siding/Trim,
LX6BAA0196,Mastic 3/4 WIG Ocp White AWOPOS,19.09,PC,Siding - Other,Mastic Siding/Trim,
LXEC125D58,MT 3/4 WIG Ocp Wicker AWOPO6,20.92,PC,Siding - Other,Mastic Siding/Trim,
LX6D8B42A7,Mastic 3/4 WIG Oop Woodland Retr AWOPO6 ',28.36,PC,Siding - Other,Mastic Siding/Trim,
LX0E1D38B2,Mastic 3/4 WIG Ocp Whisper Timbr AWOPO6:,32.34,PC,Siding - Other,Mastic Siding/Trim,
LXC3B20EED,Mid-AM Classic 12X12 Gable Col 001,40.07,PC,Siding - Other,Mastic Siding/Trim,
LX305B158E,Mid-AM Classic 12X12 Gable Col 042 ',27.49,PC,Siding - Other,Mastic Siding/Trim,
LX34FC68E7,"Mid-AM Classic 12X12 Gable Col 049, '",36.81,PC,Siding - Other,Mastic Siding/Trim,
LX3C9A9E43,Mid-AM Classic 12X12 Gable Col 082,28.22,PC,Siding - Other,Mastic Siding/Trim,
LXC1CAE729,Mid-AM Classic 12X12 Gable Col 095,26.99,PC,Siding - Other,Mastic Siding/Trim,
LX9D74163B,Mid-AM Classic 12X12 Gable Col 116,29.51,PC,Siding - Other,Mastic Siding/Trim,
LX9727BF75,Mid-AM Classic 12X12 Gable Col 123,35.29,PC,Siding - Other,Mastic Siding/Trim,
LX68B33979,Mid-AM Classic 12X12 Gable Col 137,37.95,PC,Siding - Other,Mastic Siding/Trim,
LX81012B5B,MID-AM CLASSIC 12X12 GABLE COL 296,33.97,PC,Siding - Other,Mastic Siding/Trim,
LX22E11901,Mid-AM Classic 12X18 Gable Co! 004,44.49,PC,Siding - Other,Mastic Siding/Trim,
LXBFAEA9EB,Mid-AM Classic 12X18 Gable Col 008,63.88,PC,Siding - Other,Mastic Siding/Trim,
LXD98F98A8,“AM Classic 12X78 Gable Col 010 ',42.45,PC,Siding - Other,Mastic Siding/Trim,
LXD18A9158,“AM Classic 12X18 Gable Col 030,51.42,PC,Siding - Other,Mastic Siding/Trim,
LX94A15367,Mid-AM Classic 12X18 Gable Col 034,44.38,PC,Siding - Other,Mastic Siding/Trim,
LXB198DF46,Mid-AM Classic 12X18 Gable Col 042 ‘,59.21,PC,Siding - Other,Mastic Siding/Trim,
LX664394C6,Mid-AM Classic 12X18 Gable Col 048,60.15,PC,Siding - Other,Mastic Siding/Trim,
LX3A2B4C77,"Mid-AM Classic 12X18 Gable Col 069,",54.43,PC,Siding - Other,Mastic Siding/Trim,
LX3F1FDFEA,"Mid-AM Classic 12X18 Gable Col 082,",44.48,PC,Siding - Other,Mastic Siding/Trim,
LXDA9FDA5F,Mid-AM Classic 12X18 Gable Col 095,51.33,PC,Siding - Other,Mastic Siding/Trim,
LXBA7CF0EA,Mid-Am Classic 18X24 Gable Col 010,52.10,PC,Siding - Other,Mastic Siding/Trim,
LX1B1F3431,Mid-AM Classic 18X24 Gable Col 085,61.69,PC,Siding - Other,Mastic Siding/Trim,
LXBD81E33E,Mid-AM Classic 18X24 Gable Col 112,71.12,PC,Siding - Other,Mastic Siding/Trim,
LX69C88E43,Mid-AM Classic 18X24 Gable Col 114,60.11,PC,Siding - Other,Mastic Siding/Trim,
LXF2D0EE25,Mid-AM Classic 18X24 Gable Col 117,60.04,PC,Siding - Other,Mastic Siding/Trim,
LX08304546,Mid-AM Classic 18X24 Gable Col 118,68.97,PC,Siding - Other,Mastic Siding/Trim,
LX552FE6AA,"Mid-AM Classic 18X24 Gable Col 123,",53.57,PC,Siding - Other,Mastic Siding/Trim,
LXE741C44D,“AM Classic 18X24 Gable Col 137.,71.05,PC,Siding - Other,Mastic Siding/Trim,
LX9271B659,Mid-AM Classic 18X24 Gable Col 200,58.96,PC,Siding - Other,Mastic Siding/Trim,
LXEC41DBBB,Mid-AM Classic 18X24 Gable Col 215,50.90,PC,Siding - Other,Mastic Siding/Trim,
LXC2DE2267,Mid-AM Classic 18X24 Gable Col 233,67.77,PC,Siding - Other,Mastic Siding/Trim,
LXD5C7D768,Mid-Am Classic 18X24 Gable Col 298,60.92,PC,Siding - Other,Mastic Siding/Trim,
LX901907B7,Mid-AM Classic 18X24 Gable Col 300 ',55.28,PC,Siding - Other,Mastic Siding/Trim,
LX81A9D0FF,“AM Classic 18X24 Gable Col 310,353.90,PC,Siding - Other,Mastic Siding/Trim,REVIEW - price may have OCR error
LXB55F582B,Mid-AM Classic 18X24 Gable Col 407,70.72,PC,Siding - Other,Mastic Siding/Trim,
LXC8C8C776,Mid-AM Classic 18X24 Gable Col 008,70.42,PC,Siding - Other,Mastic Siding/Trim,
LXABFA47CE,Mid-AM Classic 18X24 Gable Col 115,54.55,PC,Siding - Other,Mastic Siding/Trim,
LXCC9D2A3F,-AM Classic 18X24 Gable Col 020,60.88,PC,Siding - Other,Mastic Siding/Trim,
LX5F7C3D53,Mid-AM Classic 18X24 Gable Col 034,329.52,PC,Siding - Other,Mastic Siding/Trim,REVIEW - price may have OCR error
LX35EA664E,Mid-AM Classic 18X24 Gable Col 040,50.62,PC,Siding - Other,Mastic Siding/Trim,
LX3512AEC9,Mid-AM Classic 18X24 Gable Col 049,58.45,PC,Siding - Other,Mastic Siding/Trim,
LX211404CD,Mid-AM Classic 18X24 Gable Col 069,69.66,PC,Siding - Other,Mastic Siding/Trim,
LXC90ED13F,"Mid-AM Classic 18X24 Gable Col 089,",75.12,PC,Siding - Other,Mastic Siding/Trim,
LX0AAA8492,Mid-AM Classic 18X24 Gable Col 090,354.87,PC,Siding - Other,Mastic Siding/Trim,REVIEW - price may have OCR error
LX18D910EA,Mid-AM Classic 18X24 Gable Col 095,69.42,PC,Siding - Other,Mastic Siding/Trim,
LXE5E57AF8,Mid-AM Classic 18X24 Gable Col 929,68.93,PC,Siding - Other,Mastic Siding/Trim,
LXEC7614C5,Mid-AM Classic 12X18 Gable Col 112,42.48,PC,Siding - Other,Mastic Siding/Trim,
LX62933623,Mid-AM Classic 12X18 Gable Col 117,44.70,PC,Siding - Other,Mastic Siding/Trim,
LX5898F8AC,Mid-AM Classic 12X18 Gable Col 118,61.33,PC,Siding - Other,Mastic Siding/Trim,
LXD461C8EF,"“AM Classic 12X18 Gable Col 123, '",53.89,PC,Siding - Other,Mastic Siding/Trim,
LX84118CE7,Mid-AM Classic 12X18 Gable Col 137,51.68,PC,Siding - Other,Mastic Siding/Trim,
LX3CFBE7A2,Mid-AM Classic 12X18 Gable Col 179,62.40,PC,Siding - Other,Mastic Siding/Trim,
LX4145BEE1,Mid-AM Classic 12X18 Gable Col 182,64.00,PC,Siding - Other,Mastic Siding/Trim,
LXE44679CF,Mid-AM Classic 12X18 Gable Col 200,351.72,PC,Siding - Other,Mastic Siding/Trim,REVIEW - price may have OCR error
LX35CD8C45,Mid-AM Classic 12X18 Gable Col 202,56.99,PC,Siding - Other,Mastic Siding/Trim,
LXBACD2A8C,Mid-AM Classic 12X18 Gable Col 235,46.03,PC,Siding - Other,Mastic Siding/Trim,
LX469DACE9,"Mid-AM Classic 12X18 Gable Col 237,",78.35,PC,Siding - Other,Mastic Siding/Trim,
LX9D99E11B,Mid-AM Classic 12X18 Gable Col 296,48.09,PC,Siding - Other,Mastic Siding/Trim,
LX82F77188,Mid-AM Classic 12X18 Gable Col 298,54.77,PC,Siding - Other,Mastic Siding/Trim,
LX88D95280,Mid-AM Classic 12X18 Gable Coi 300,59.79,PC,Siding - Other,Mastic Siding/Trim,
LX479A981D,Mid-AM Classic 12X18 Gable Col 412,53.06,PC,Siding - Other,Mastic Siding/Trim,
LX59B81F05,Mid-AM Classic 12X18 Gable Col 929,43.61,PC,Siding - Other,Mastic Siding/Trim,
LX3622E5E4,Norandex Q250 Fanfold 1/4”,42.57,BD,Siding - Other,Mastic Siding/Trim,
LX68E34E56,Ndx Seam Tape 3°X55 Yards,10.92,RL,Siding - Other,Mastic Siding/Trim,
LX03886822,PS 2 EG Roof Nail 30# Bkt,61.32,BX,Fasteners,Mastic Siding/Trim,
LXBC43265C,"Nail Siding Aluminum 1 1/4"" 1#/8X '",9.48,BX,Fasteners,Mastic Siding/Trim,
LXCD99804A,"Nail Trim Alum 1.25""-1# #1168 Tan",10.72,BX,Fasteners,Mastic Siding/Trim,
LXB7280DED,Nail Trim SS 1.25°-1# #8011 Linen,8.97,BX,Fasteners,Mastic Siding/Trim,
LX4C645ABA,Nail Trim SS RS 1#-1.25 #9554 Brown,12.16,BX,Fasteners,Mastic Siding/Trim,
LX18E71845,Nail Trim SS RS 1#-1.25 #9606 Linen,8.63,BX,Fasteners,Mastic Siding/Trim,
LXECED9285,"Nail Trim SS 1.25""-1# #0003 Black",9.85,BX,Fasteners,Mastic Siding/Trim,
LX7A894E7E,"Nail Trim SS 1.25""-1# #1168 Tan",11.56,BX,Fasteners,Mastic Siding/Trim,
LXF7976D13,"Nail Trim SS 1.25""-1# #1179 Heather.",10.86,BX,Fasteners,Mastic Siding/Trim,
LXA07B37F0,Nail Trim SS 1.25°-1# #1194 Clay,10.42,BX,Fasteners,Mastic Siding/Trim,
LXA3DBABAD,Nail Trim SS 1.25°-1# #7527 Red,11.21,BX,Fasteners,Mastic Siding/Trim,
LX97E7FFFC,Nail Trim SS 1.25°-1# #9556 Sand,11.00,BX,Fasteners,Mastic Siding/Trim,
LX34382B00,Nall Trim SS 1.25°-1# #9568,8.71,BX,Trim,Mastic Siding/Trim,
LX39B78AD1,Nail Trim SS 1.25°-1# #0579 Gray,10.96,BX,Fasteners,Mastic Siding/Trim,
LX811D6492,"Nail Trim SS 1,25""-1# #0587 Gray",9.42,BX,Fasteners,Mastic Siding/Trim,
LX85756CAE,"Nail Trim SS 1.25""-1# #9588 Wheat ‘",8.84,BX,Fasteners,Mastic Siding/Trim,
LX5E54A5E3,"Nail Trim SS 1.26""-1# #9506 Sand '",11.57,BX,Fasteners,Mastic Siding/Trim,
LX6448CDF5,"Nail Trim SS 1.25""-1# #9605 Grey",8.11,BX,Fasteners,Mastic Siding/Trim,
LXAF67B89D,Nall Trim SS 1.25°-1# #9606 Linen,339.93,BX,Trim,Mastic Siding/Trim,REVIEW - price may have OCR error
LX9346B5DA,Nail Trim SS 1.25°-1# #8252 White,9.83,BX,Fasteners,Mastic Siding/Trim,
LXB4BEA117,Nail Trim SS 1.25°-1# #1096 MSKIBN,9.23,BX,Fasteners,Mastic Siding/Trim,
LXBFD76840,Nail Trim SS 1.25°-1# #1105 Tan,11.74,BX,Fasteners,Mastic Siding/Trim,
LX611B1638,Nail Trim SS 1.25°-1# #1177 Brown,10.13,BX,Fasteners,Mastic Siding/Trim,
LX9F8F83E7,"Nail Trim SS 1.25""-1# #2101 LT Bz '",8.59,BX,Fasteners,Mastic Siding/Trim,
LX77CE267A,Nail Trim SS 1.25°-1# #5083 Gray,12.20,BX,Fasteners,Mastic Siding/Trim,
LXD38E458C,Nail Trim SS 1.25°-1# #8030 Almond,9.50,BX,Fasteners,Mastic Siding/Trim,
LXD56EEA59,Nail Trim SS 1.25°-1# #9503 DKBmz,10.40,BX,Fasteners,Mastic Siding/Trim,
LX514E4755,"Nail Trim SS 1.25""-1# #9505 Blue",11.68,BX,Fasteners,Mastic Siding/Trim,
LXFC251696,Nail Trim SS 1.25°-1# #9511 Almond,9.58,BX,Fasteners,Mastic Siding/Trim,
LXCF6524DF,Nail Trim SS 1.25°-1# #9512 Almond,9.38,BX,Fasteners,Mastic Siding/Trim,
LX7241CDD2,"Nail Trim SS 1.25""-1# #9513 Green",9.88,BX,Fasteners,Mastic Siding/Trim,
LXAB68C712,Nail Trim SS 1.25'-1# #9514 Wicker ',9.16,BX,Fasteners,Mastic Siding/Trim,
LX20DF7928,"Nall Trim SS 1.25""-1# #9519 Almond",11.19,BX,Trim,Mastic Siding/Trim,
LXD63FFB4C,"Nall Trim SS 1.25""-1# #9522 Gray",8.20,BX,Trim,Mastic Siding/Trim,
LX8991360F,Nail Trim SS 1.25°-1# #9532 Ivory,10.27,BX,Fasteners,Mastic Siding/Trim,
LX0F084A2A,"Nail Trim SS 1.25""-1# #9572 Clay",9.43,BX,Fasteners,Mastic Siding/Trim,
LX4DC3CF2C,Nail Trim SS RS 1#-1.25 #0571 Blue,10.53,BX,Fasteners,Mastic Siding/Trim,
LXF77BAC01,"Nail Trim SS 1.25""-1# #9573 White",8.90,BX,Fasteners,Mastic Siding/Trim,
LX97C9778C,"Nail Trim SS 1.25""-1# #9538 lvory '",12.00,BX,Fasteners,Mastic Siding/Trim,
LX4B7A1EE2,"Nall Trim SS 1.25""-1# #9541 Ivory",9.51,BX,Trim,Mastic Siding/Trim,
LX4DB7780A,"Nail Trim SS 1.25""-1# #9546 Brown '",11.73,BX,Fasteners,Mastic Siding/Trim,
LX3E98BC46,"Nail Trim SS 1.25""-1# #9554 Brown",7.84,BX,Fasteners,Mastic Siding/Trim,
LX4A76E8E4,Nail Trim SS 1.25°-1# #9559 Beige,41.67,BX,Fasteners,Mastic Siding/Trim,
LXE66EBC05,Nail Trim SS 1.25°-1# #9560 Almond,10.11,BX,Fasteners,Mastic Siding/Trim,
LX9F7D3F53,Nail Trim SS 1.25°-1# #9586 Blue,11.39,BX,Fasteners,Mastic Siding/Trim,
LXC1E8420F,"Nail Trim SS 1.25""-1# #9600 Beige",8.57,BX,Fasteners,Mastic Siding/Trim,
LX2E06D540,"Nail Trim SS 1.25""-1# #9613 Cream '",7.90,BX,Fasteners,Mastic Siding/Trim,
LXF02B9350,"Nall Trim SS 1.25""-1# #9615 Gray",8.59,BX,Trim,Mastic Siding/Trim,
LX85CB6331,Nail Trim SS RS 1#-1.25 #1177 Brown,8.22,BX,Fasteners,Mastic Siding/Trim,
LX5E8B6282,Nail Trim SS RS 1#-1.25 #8252 White,11.18,BX,Fasteners,Mastic Siding/Trim,
LX1AA900AA,Nail Trim SS RS 1#-1.25 #9573 White ',8.17,BX,Fasteners,Mastic Siding/Trim,
LX1B020053,"Nail Trim Alum 1,25°-1# #9532 Ivory",46.22,BX,Fasteners,Mastic Siding/Trim,
LXDEF7F872,"Nail Trim SS 1.25""-1# #9521 Brown",9.98,BX,Fasteners,Mastic Siding/Trim,
LX85441FEB,"Nail Trim SS 1.75""-1# #8252 White",10.25,BX,Fasteners,Mastic Siding/Trim,
LX10D42AEB,Nail Trim SS RS 1#-1.25 #5083 Gray,10.05,BX,Fasteners,Mastic Siding/Trim,
LXC7920901,"Nail Trim SS 1.25""-1# #9564 Yellow '",9.54,BX,Fasteners,Mastic Siding/Trim,
LX4C46EB47,"Nail Trim Alum 1.25""-1# #9637 Green",11.90,BX,Fasteners,Mastic Siding/Trim,
LX622CC9D5,Nall Trim SS 1.25°-1# #9569 Red,7.86,BX,Trim,Mastic Siding/Trim,
LX01F594FB,"Nail Trim SS 1,25""-1# #9525 Yellow",7.86,BX,Fasteners,Mastic Siding/Trim,
LX896AAA14,"Nail Trim SS 1.25""-1# #9673 Linen",10.72,BX,Fasteners,Mastic Siding/Trim,
LX240B8BE9,Nail Trim SS RS 1#-1.25 #9637 Green,10.38,BX,Fasteners,Mastic Siding/Trim,
LX95D757E9,Nall Trim SS 1.25-1 #0608 Brown,41.04,BX,Trim,Mastic Siding/Trim,
LX1275D29E,Nail Trim SS 1.25°-1# #9749 Linen ',12.09,BX,Fasteners,Mastic Siding/Trim,
LX1DCE843A,‘Nail Trim SS 1.25°-1# #0747 Gray,8.43,BX,Fasteners,Mastic Siding/Trim,
LX348FA7E5,"Nail Trim SS 1.25""-4# #9756 Sand '",11.06,BX,Fasteners,Mastic Siding/Trim,
LXF61BF7F0,"Nail Trim SS 1.25""-1# #9771 Wine '",10.02,BX,Fasteners,Mastic Siding/Trim,
LXA5BAAC66,Nail Trim SS 1.25°-1# #9720 Blue,12.07,BX,Fasteners,Mastic Siding/Trim,
LX36E619DB,‘Nail Trim SS 1.25°-1# #9766 Beige,8.67,BX,Fasteners,Mastic Siding/Trim,
LX757BA0B0,"Nail Trim SS 1.25""-1# #9742 Blue",8.76,BX,Fasteners,Mastic Siding/Trim,
LX8434FBF9,Nail Trim SS RS 1#-1.25 #9687 Brnze,11.35,BX,Fasteners,Mastic Siding/Trim,
LX6B8FCBE9,"Nail Trim SS 1.25""-4# #9718 Red '",9.66,BX,Fasteners,Mastic Siding/Trim,
LXBE94B5C8,"Nail Trim SS 1.25""-1# #9776 Heather",8.93,BX,Fasteners,Mastic Siding/Trim,
LX844FFEBB,"Nail Trim SS 1,25""-1# #9658 Ivory",11.70,BX,Fasteners,Mastic Siding/Trim,
LX574837B4,"Nail Trim SS 1.25""-1# #5053 Gray",10.92,BX,Fasteners,Mastic Siding/Trim,
LXD9121691,"Nail Trim SS 1.25""-1"" #9753 Tan.",10.33,BX,Fasteners,Mastic Siding/Trim,
LX7A7A9756,Nail Trim SS 1.25°-1# #9770 Tan,7.85,BX,Fasteners,Mastic Siding/Trim,
LX75BEBCE9,"Nail Trim SS 1.25""-1# #9695 Tan",7.83,BX,Fasteners,Mastic Siding/Trim,
LX385A811F,"Nail Trim SS 1,25""-1# #9690 Gray",8.03,BX,Fasteners,Mastic Siding/Trim,
LXFC00C72A,"Nail Trim SS 1,25""-1# #9668 Linen",10.98,BX,Fasteners,Mastic Siding/Trim,
LXBDDD2C29,"Nail Trim SS 1.25""-1# #9707 Linen",9.17,BX,Fasteners,Mastic Siding/Trim,
LX6B5D92F7,"Nail Trim SS 1.25""-1# #9751 Green",7.99,BX,Fasteners,Mastic Siding/Trim,
LX694E6044,"Nail SS Siding/Shake Rng 6D 2"" 25#",11.33,BX,Fasteners,Mastic Siding/Trim,
LXA4AA3E73,"Nail Trim SS 1.25""-1# #9637 Green",10.04,BX,Fasteners,Mastic Siding/Trim,
LX2C5DF9E3,Nail Trim SS 1.25-1# #9704 Bronze,11.45,BX,Fasteners,Mastic Siding/Trim,
LXF5729164,Nail Trim SS RS 1#-1.25 #9718 Red,10.01,BX,Fasteners,Mastic Siding/Trim,
LX65DCDACB,Nail Trim SS RS 1#-1.25 #9645 Linen,8.32,,Fasteners,Mastic Siding/Trim,
LXCBE5DD83,"Nail Trim SS 1.75""-1# #9572 Clay",11.54,BX,Fasteners,Mastic Siding/Trim,
LXFAEFECC5,"Nail Trim SS SM 1.25""-1# #9558",11.65,BX,Fasteners,Mastic Siding/Trim,
LX39285877,Nail Trim SS 1.25°-1# #5082 Gray,9.06,BX,Fasteners,Mastic Siding/Trim,
LX1BAB9AC4,"Nail Trim SS 1.25"" #9687 Bronze",7.94,BX,Fasteners,Mastic Siding/Trim,
LXA7B58A47,Nail Trim SS RS 1#-1.25 #9528 Suede,8.13,BX,Fasteners,Mastic Siding/Trim,
LXFC391506,"Nail Trim SS 1.25""-1# #9528 Suede",8.29,BX,Fasteners,Mastic Siding/Trim,
LXC7E3449E,"Nail Trim SS 1,25""-1# #5054 Sage",12.14,BX,Fasteners,Mastic Siding/Trim,
LXC8718CC2,"Nail Trim SS 1.25""-1# #9550 Bucks",10.92,BX,Fasteners,Mastic Siding/Trim,
LX5FF24792,"Nail Trim SS 1.25""-1# #5056 Cypress",8.52,BX,Fasteners,Mastic Siding/Trim,
LX45EDFD62,"Nail Trim SS 1.25""-1# #5052 Olive",11.51,BX,Fasteners,Mastic Siding/Trim,
LX19D29944,Nail Trim SS 1.25°-1# #9735 Burgnd),8.76,BX,Fasteners,Mastic Siding/Trim,
LX007C7E60,"Nail Trim SS 1.25""-1# #9737 Green",11.47,BX,Fasteners,Mastic Siding/Trim,
LX1F3563ED,"Nail Trim SS 204CU 1.25""-1# #8252",7.86,BX,Fasteners,Mastic Siding/Trim,
LX279B8519,Nail Trim SS 204CU 1.25°-1# #1177.,11.86,BX,Fasteners,Mastic Siding/Trim,
LXCA617602,"Nail Trim SS 204CU 1,25*-1# #9573",10.17,BX,Fasteners,Mastic Siding/Trim,
LX684B29CE,"Nail Trim SS 204CU 1.25""-1# #9613",12.11,BX,Fasteners,Mastic Siding/Trim,
LX3E964363,"Nail Trim SS 204CU 1.25""-1# #9720",11.71,BX,Fasteners,Mastic Siding/Trim,
LXD07488D1,"Nail Trim SS 204CU 1.25""-1# #9751",11.90,BX,Fasteners,Mastic Siding/Trim,
LXDE5E792E,Nail Trim SS 204CU 1.25°-1# #9519,7.81,BX,Fasteners,Mastic Siding/Trim,
LX3E94F74D,"Nail Trim SS 204CU 1.25""-1# #0514",8.11,BX,Fasteners,Mastic Siding/Trim,
LX996F50C8,"Nail Trim SS 204CU 1.25""-1# #9690",10.90,BX,Fasteners,Mastic Siding/Trim,
LXD428E7AB,Nail Trim SS 204CU 1.25°-1# #0566,70.34,BX,Fasteners,Mastic Siding/Trim,
LX4DFFAD49,"Nail Trim SS 204CU 1.25""-1# #9605 '",8.64,,Fasteners,Mastic Siding/Trim,
LX251EE183,“Tein SS 204CL oes Ha528,11.36,BX,Siding - Other,Mastic Siding/Trim,
LX76D196F2,Nat SS 2OHEE 25 tH HSESS ',9.68,BX,Siding - Other,Mastic Siding/Trim,
LX2923451A,Nall Trin SS “1.25 1# #OBTZ Bue,28.54,RL,Siding - Other,Mastic Siding/Trim,
LX49B254C5,"75° Grace Vycor Pro - 6""X 75""",367.00,RL,Siding - Other,Mastic Siding/Trim,REVIEW - price may have OCR error
LXA441B0E7,"Alum Drip Cap7/6""AlegWhite",40.30,PC,Drip Edge,Mastic Accessories,
LX2F052D6B,Alum Drip Cap?” AlegAlmond,8.99,PC,Drip Edge,Mastic Accessories,
LX759ECED1,Alum Drip Capt AlegBlack,8.34,PC,Drip Edge,Mastic Accessories,
LX72E9FDB9,Alum Drip Cap?” AlegBronze,10.90,PC,Drip Edge,Mastic Accessories,
LX5A176AEC,Alum Drip CapT™ AlegLinen,11.00,PC,Drip Edge,Mastic Accessories,
LX8375EEF0,Alum Drip Capt” AlegRoyalsim,10.67,PC,Drip Edge,Mastic Accessories,
LX06086F38,Alum Drip Capt” AlegvictGrey,9.28,PC,Drip Edge,Mastic Accessories,
LXE1D8DB10,Alum Drip Capi” AlegWhite,8.55,PC,Drip Edge,Mastic Accessories,
LXA6F91A89,Alum Drip Capi” AlegWicker,35.40,PC,Drip Edge,Mastic Accessories,
LX52A66838,"Alum Drip Capt-1/8""AlegBlack",33.24,PC,Drip Edge,Mastic Accessories,
LX2B2DBDA2,"Alum Drip Capi-1/8""AlegClay",9.56,PC,Drip Edge,Mastic Accessories,
LXD2775454,"ALUM _DRIP_ CAPT-T/S""ALEGSIERRA",8.93,PC,Drip Edge,Mastic Accessories,
LX2CC9A8BD,Alum Drip Cap 1-1/6*AlegWhite,9.53,PC,Drip Edge,Mastic Accessories,
LXF89EB8E3,"Alum Drip Cap 1-17""AlegWhite",38.39,PC,Drip Edge,Mastic Accessories,
LX5E71D395,"Alum Drip Cap 1-1/2""AlegWhite",10.53,PC,Drip Edge,Mastic Accessories,
LXE00EB171,Alum Drip Cap 2” AlegBlack,7.56,PC,Drip Edge,Mastic Accessories,
LX10A95B86,Alum Drip Cap 2” AlegWhite,10.27,PC,Drip Edge,Mastic Accessories,
LXB0775ED1,Alum 024 FasciaEmboss6'White,25.09,PC,Fascia,Mastic Accessories,
LXCE4E9334,Alum Fascia Rib10'RoyalBrown,32.82,PC,Fascia,Mastic Accessories,
LXE956DDC5,Alum Fascia Rib10'White,29.32,PC,Fascia,Mastic Accessories,
LX0D5288F0,Alum Fascia Rib6NDXGrantie,24.88,PC,Fascia,Mastic Accessories,
LXC411A198,"Alum Fascia Rib6""Bronze",21.15,PC,Fascia,Mastic Accessories,
LXF244026D,"Alum Fascia Ribe""Cameo",21.49,PC,Fascia,Mastic Accessories,
LXF46DD545,Alum Fascia Rib6'ClassicCream,23.71,PC,Fascia,Mastic Accessories,
LX27844E8C,"Alum Fascia Rib6""CharcoalGrey",25.00,PC,Fascia,Mastic Accessories,
LX2882DB3D,"Alum Fascia Rib6""Champagne",18.39,PC,Fascia,Mastic Accessories,
LX16D47A5B,Alum Fascia RibS'Clay,19.36,PC,Fascia,Mastic Accessories,
LXB299333F,Alum Fascia RIb6'SierraClayD47,20.51,PC,Fascia,Mastic Accessories,
LX02393E2A,"Alum Fascia Rib6""NXTanD4e",18.39,PC,Fascia,Mastic Accessories,
LX28A2F75D,"Alum Fascia Rib6""AlmondD49__",20.40,PC,Fascia,Mastic Accessories,
LXB3DF90B9,"Alum Fascia RibG""DeseriSand",18.07,PC,Fascia,Mastic Accessories,
LX459DD9A4,Alum Fascia Ribs’Evergreen,20.77,PC,Fascia,Mastic Accessories,
LX31D0ABD0,Alum Fascia Ribs'Everest,19.82,PC,Fascia,Mastic Accessories,
LXCFA9B13F,"um Fascia Rib6""HarborGrey",24.93,PC,Fascia,Mastic Accessories,
LX1BD593F9,Sealant Voo Quad #807 Blue Sealant,7.93,,Sealants,Mastic Accessories,
LXDF8A42CC,Voc Quad #758 Green Seaiant,66.99,,Sealants,Mastic Accessories,
LXE174BA16,Voc Quad #727 Green Sealant,9.27,,Sealants,Mastic Accessories,
LX707F2FCB,Voc Quad #711 Green Sealant,7.93,,Sealants,Mastic Accessories,
LX0E883418,Voc Quad #535 Gray Sealant,9.14,,Sealants,Mastic Accessories,
LXB9508D0C,Voc Quad #551 Gray Sealant,7.89,,Sealants,Mastic Accessories,
LXA46C7F7F,Voo Quad #625 Yellow 100Z Sealant ',9.65,,Sealants,Mastic Accessories,
LXBF0A8108,Sealant Voc Quad #705 Green ',8.21,,Sealants,Mastic Accessories,
LX22103BA9,Sealant Voc Quad #529 Gray,10.22,,Sealants,Mastic Accessories,
LX8FB37859,Sealant Voc Quad #517 Gray,9.20,,Sealants,Mastic Accessories,
LX9050FBBB,Sealant Voo Quad #521 Gray ',10.97,,Sealants,Mastic Accessories,
LX6A64B952,Sealant Voc Quad #522 Gray ',10.10,,Sealants,Mastic Accessories,
LX798197D3,Sealant Voc Quad #525 Gray ',8.82,,Sealants,Mastic Accessories,
LX0E9A6119,Sealant Voc Quad #528 Gray,8.69,,Sealants,Mastic Accessories,
LXE21E234B,Sealant Voc Quad #511 Gray ',7.93,,Sealants,Mastic Accessories,
LX8EBD7CC8,Sealant Voc Quad #512 Gray,10.69,,Sealants,Mastic Accessories,
LXF4D52EDE,Sealant Voc Quad #496 Beige,9.50,,Sealants,Mastic Accessories,
LXE856EAE4,Sealant Voc Quad #473 Beige,7.66,,Sealants,Mastic Accessories,
LX1E1F673B,Sealant Voc Quad #497 Beige,9.54,,Sealants,Mastic Accessories,
LX25AF25C8,Sealant Voc Quad #466 Beige,10.74,,Sealants,Mastic Accessories,
LXE5AE2295,Sealant Voc Quad #465 Beige,7.83,,Sealants,Mastic Accessories,
LX372D469F,Sealant Voc Quad #456 Beige ',8.01,,Sealants,Mastic Accessories,
LXC01BE599,Sealant Voc Quad #455 Beige,7.65,,Sealants,Mastic Accessories,
LX14DB0F4C,Sealant Voc Quad #451 Beige ',9.96,,Sealants,Mastic Accessories,
LX2600AAC5,Sealant Voc Quad #449 Beige,33.98,,Sealants,Mastic Accessories,
LX4D68E418,Sealant Voc Quad #445 Beige,9.82,,Sealants,Mastic Accessories,
LX44EA4B6B,Sealant Voc Quad #441 Beige,8.37,,Sealants,Mastic Accessories,
LX7DB42713,Sealant Voc Quad #440 Belge,9.45,,Sealants,Mastic Accessories,
LX2034005F,Sealant Voc Quad #427 Beige,7.99,,Sealants,Mastic Accessories,
LXA659CD79,Sealant Voc Quad #425 Beige,10.19,,Sealants,Mastic Accessories,
LX99D8A34A,Sealant Voc Quad #429 Beige,7.61,,Sealants,Mastic Accessories,
LX7E9D1996,Sealant Voc Quad #435 Beige,10.04,,Sealants,Mastic Accessories,
LX61879C0B,Sealant Voc Quad #433 Beige,9.55,,Sealants,Mastic Accessories,
LX9823B3D5,OS! Quad #413 10oz Sealant,9.41,,Sealants,Mastic Accessories,
LX9C9C72B5,Voc Quad #409 Beige,8.49,,Sealants,Mastic Accessories,
LX7D4E53D1,Sealant Voc Quad #318 Clay,9.15,,Sealants,Mastic Accessories,
LX30C60DFE,Sealant Voc Quad #406 Beige,8.92,,Sealants,Mastic Accessories,
LX4773EF8F,Sealant Voc Quad #321 Clay,8.37,,Sealants,Mastic Accessories,
LX769F26DB,Sealant Voc Quad #324 Clay,8.11,,Sealants,Mastic Accessories,
LXAC6C1240,Sealant Voc Quad #403 Beige,7.83,,Sealants,Mastic Accessories,
LX43D83C30,Sealant Voc Quad #405 Beige,6.71,,Sealants,Mastic Accessories,
LXD41109D2,Sealant Voc Quad #267 Brown,7.65,,Sealants,Mastic Accessories,
LX37095682,Sealant Voc Quad #301 Clay ‘,34.60,,Sealants,Mastic Accessories,
LXCCA4B87F,Sealant Voc Quad #307 Clay ',10.59,,Sealants,Mastic Accessories,
LXF2FE9A66,Sealant Voc Quad #320 Clay ',7.28,,Sealants,Mastic Accessories,
LXA156721C,Sealant Voc Quad #322 Clay ',9.19,,Sealants,Mastic Accessories,
LXED2CFB53,Sealant Voc Quad #333 Clay ',10.27,,Sealants,Mastic Accessories,
LX5FF89DB0,Sealant Voc Quad #835 Clay,7.86,,Sealants,Mastic Accessories,
LXE14FE98A,Sealant Voc Quad #253 Brown,9.52,,Sealants,Mastic Accessories,
LX0F392C37,Sealant Voc Quad #219 Bronze ',10.86,,Sealants,Mastic Accessories,
LX0497C163,Sealant Voc Quad #211 Brown ',8.99,,Sealants,Mastic Accessories,
LX63ECD613,Sealant Voc Quad #205 Brown,7.27,,Sealants,Mastic Accessories,
LX23FCE6ED,Sealant Voc Quad #201 Bronze 100Z,9.51,,Sealants,Mastic Accessories,
LXE4482CD7,Sealant Voc Quad #004 Gry/Wht 1002,8.05,,Sealants,Mastic Accessories,
LXBDB242F7,Sealant Voc Quad #003 Black,9.96,,Sealants,Mastic Accessories,
LX29501EEB,Sealant Voc Quad #209 Brown,7.67,,Sealants,Mastic Accessories,
LXD5B74FA2,Sealant Voc Quad #766 Green,8.27,,Sealants,Mastic Accessories,
LX6D1B453D,Sealant Voc Quad #214 Brown,9.60,,Sealants,Mastic Accessories,
LXB5EB881B,Sealant Voc Quad #955 Red,10.66,,Sealants,Mastic Accessories,
LX4CB536DF,Sealant Voc Quad #492 Beige,7.85,,Sealants,Mastic Accessories,
LX8B37CD56,Sealant Voc Quad #545 Gray,9.70,,Sealants,Mastic Accessories,
LXD5B74FA2,Sealant Voc Quad #606 Yellow 1002,8.27,,Sealants,Mastic Accessories,
LXE15C1ADD,Sealant Voc Quad #691 Gray,8.06,,Sealants,Mastic Accessories,
LX3C7A7B89,Sealant Voc Quad #689 Blue,9.71,,Sealants,Mastic Accessories,
LX5258C30C,Sealant Voc Quad #962 Red,7.71,,Sealants,Mastic Accessories,
LX26DCADEB,Sealant Voc Quad #770 Green,10.00,,Sealants,Mastic Accessories,
LXCAB3C11F,Sealant Voc Quad #281 Brown,8.92,,Sealants,Mastic Accessories,
LX97A532ED,Sealant Voc Quad #338 Clay,10.38,,Sealants,Mastic Accessories,
LXDA72AB53,Sealant Voc Quad #587 Gray,10.93,,Sealants,Mastic Accessories,
LXCE6CFF42,Sealant Voc Quad #589 Gray,7.56,,Sealants,Mastic Accessories,
LX52BA1009,Sealant Voc Quad #767 Green ',8.54,,Sealants,Mastic Accessories,
LX09D1A55F,Sealant Voc Quad #541 Gray,7.30,,Sealants,Mastic Accessories,
LXECA578A5,Sealant Voc Quad #796 Green,8.61,,Sealants,Mastic Accessories,
LX727B946F,Sealant Voc Quad #810 Blue,8.90,,Sealants,Mastic Accessories,
LX831FD9E7,Sealant Voc Quad #936 Red,10.24,,Sealants,Mastic Accessories,
LX51526A1F,Sealant Voc Quad #947 Red,7.16,,Sealants,Mastic Accessories,
LX3FBB8352,Sealant Voc Quad #945 Red ',10.09,,Sealants,Mastic Accessories,
LX00A17A0A,Sealant Voc Quad #909 Red,7.74,,Sealants,Mastic Accessories,
LX27993EA1,Sealant Voc Quad #518 Gray ',8.97,,Sealants,Mastic Accessories,
LX0F72AC8D,Sealant Voc Quad #756 Green,7.18,,Sealants,Mastic Accessories,
LX7AD28B68,Sealant Voc Quad #836 Blue,42.65,,Sealants,Mastic Accessories,
LX3F67A0EE,Sealant Voc Quad #309 Clay,8.72,,Sealants,Mastic Accessories,
LX0436A152,Sealant Voc Quad #294 Brown,40.29,,Sealants,Mastic Accessories,
LX35DEBB6A,Sealant Voc Quad #495 Beige,10.93,,Sealants,Mastic Accessories,
LX29C5F95D,Sealant Voc Quad #245 Brown ',9.76,,Sealants,Mastic Accessories,
LXF401C37B,Sealant Voc Quad #517 Gray,7.43,,Sealants,Mastic Accessories,
LX02E8F778,Sealant Voc Quad #411 Beige,8.28,,Sealants,Mastic Accessories,
LX37FAB720,Sealant Voc Quad #519 Gray,9.74,,Sealants,Mastic Accessories,
LX12293A3F,Sealant Voc Quad #588 Gray,8.68,,Sealants,Mastic Accessories,
LX8C1BCF28,Sealant Voc Quad #602 Yellow 1002,8.63,,Sealants,Mastic Accessories,
LXA68079B5,Sealant Voc Quad #595 Gray,8.11,,Sealants,Mastic Accessories,
LXEE604C3D,Sealant Voc Quad #223 Brown,8.59,,Sealants,Mastic Accessories,
LX18FA3B86,Sealant Voc Quad #537 Gray,8.18,,Sealants,Mastic Accessories,
LXB0B616CD,Sealant Voc Quad #480 Beige,10.48,,Sealants,Mastic Accessories,
LX2B54418A,Sealant Voc Quad #221 Brown,32.96,,Sealants,Mastic Accessories,
LXD64D99A3,Sealant Voc Quad #839 Blue,10.45,,Sealants,Mastic Accessories,
LX36FA6536,Sealant Voc Quad #763 Green,33.47,,Sealants,Mastic Accessories,
LX79C3FD0A,Sealant Voc Quad #265 Brown,8.00,,Sealants,Mastic Accessories,
LX59AFDABA,Sealant Voc Quad #565 Gray ',10.04,,Sealants,Mastic Accessories,
LXC1DA9ACD,Sealant Voc Quad #765 Green,33.71,,Sealants,Mastic Accessories,
LX7F24FFAD,Sealant Voc Quad #761 Green ',10.02,,Sealants,Mastic Accessories,
LXD4F94995,Sealant Voc Quad #423 Beige,7.54,,Sealants,Mastic Accessories,
LXF01D5457,Sealant Voc Quad #951 Red,8.25,,Sealants,Mastic Accessories,
LX43602157,Sealant Voc Quad #421 Beige ',9.29,,Sealants,Mastic Accessories,
LXF594363C,Sealant Voc Quad #308 Clay ',9.01,,Sealants,Mastic Accessories,
LX1C7F72A3,Sealant Voc Quad #327 Clay,7.41,,Sealants,Mastic Accessories,
LX95CB0984,Sealant Voc Quad #513 Gray ',10.88,,Sealants,Mastic Accessories,
LX6BA5862D,Sealant Voc Quad #804 Blue,7.35,,Sealants,Mastic Accessories,
LXB8CC2B15,Sealant Voc Quad #412 Beige ',9.05,,Sealants,Mastic Accessories,
LX431104DC,Sealant Voc Quad #443 Beige ',8.01,,Sealants,Mastic Accessories,
LXC740EC40,Sealant Voc Quad #450 Beige ',10.95,,Sealants,Mastic Accessories,
LX66541060,Sealant Voc Quad #486 Beige ',8.79,,Sealants,Mastic Accessories,
LX0027BCFF,Sealant Voc Quad #501 Gray,42.50,,Sealants,Mastic Accessories,
LX51CE8F68,Sealant Voc Quad #502 Gray ',10.43,,Sealants,Mastic Accessories,
LX0FD87F1D,Sealant Voc Quad #505 Gray ',8.08,,Sealants,Mastic Accessories,
LXD1173BEA,Sealant Voc Quad #611 Yellow 100Z ',10.42,,Sealants,Mastic Accessories,
LX181AF1E9,Sealant Voc Quad #702 Green ',10.76,,Sealants,Mastic Accessories,
LX4A8ABDD9,Sealant Voc Quad #918 Red ',7.89,,Sealants,Mastic Accessories,
LXD663B40F,Sealant Voc Quad #218 Brown,7.87,,Sealants,Mastic Accessories,
LX39A02E1A,Sealant Voc Quad #329 Clay,9.65,,Sealants,Mastic Accessories,
LXB598CEBD,Sealant Voc Quad #811 Blue,8.53,,Sealants,Mastic Accessories,
LXBFF4993A,Sealant Voc Quad #315 Clay,8.46,,Sealants,Mastic Accessories,
LX1FE7A356,Sealant Voc Quad #406 Beige,9.45,,Sealants,Mastic Accessories,
LX524F5ABE,Sealant Voc Quad #205 Brown ‘,45.78,,Sealants,Mastic Accessories,
LX1511422C,Sealant Voc Quad #301 Clay ',7.83,,Sealants,Mastic Accessories,
LX225A23DF,Hardiewrap 9X10 WeatherBarrier,210.95,RL,House Wrap,Mastic Accessories,
LXA11D424F,Osi Quad Max 9.50z #529Gray,44.08,,Sealants,Mastic Accessories,
LX19B00F23,Osi Quad Max 8.50z #321Clay,44.99,,Sealants,Mastic Accessories,
LX31DE0FEC,Osi Quad Max 9.50z #521Gray ',6.62,,Sealants,Mastic Accessories,
LX3FB90C3A,Osi Quad Max 9.50z #514Gray ',8.87,,Sealants,Mastic Accessories,
LXDD1DA1DE,Osi Quad Max 9.50Z #512Gray ',9.43,,Sealants,Mastic Accessories,
LXFE64F5C0,Osi Quad Max 9.50Z #509Gray ',10.85,,Sealants,Mastic Accessories,
LXAC135690,Osi Quad Max 9.50z #505Gray,10.69,,Sealants,Mastic Accessories,
LX035C2838,OSI Quad Max #465 Beiged 50z,7.86,,Sealants,Mastic Accessories,
LXF0EF3F04,Osi Quad Max 9.5 OZ #456KhakiBrown,7.81,,Sealants,Mastic Accessories,
LX3B49CB88,Osi Quad Max 9.50Z #451Beige,44.82,,Sealants,Mastic Accessories,
LXB2093570,Osi Quad Max 9.502 #449Beige,7.44,,Sealants,Mastic Accessories,
LXB9FFC2E9,Osi Quad Max 9.50z #447Beige,9.34,,Sealants,Mastic Accessories,
LX754AA005,Osi Quad Max 9.50Z #445Beige,8.95,,Sealants,Mastic Accessories,
LXC567CE69,Osi Quad Max 9.502 #429Beige,33.72,,Sealants,Mastic Accessories,
LXD2B2E7D5,Osi Quad Max 9.50Z #425Beige,10.98,,Sealants,Mastic Accessories,
LX461BC713,Osi Quad Max 9.50Z #409Beige,10.63,,Sealants,Mastic Accessories,
LX509A45DF,OSI Quad Max #403 Beige9.50z ',10.49,,Sealants,Mastic Accessories,
LXCFEDDE5A,Osi Quad Max 9.502 #338Clay,7.03,,Sealants,Mastic Accessories,
LXDDE3DB67,OSI Quad Max #335 Clay9.50z,9.24,,Sealants,Mastic Accessories,
LX300EDE65,Osi Quad Max 9.50Z #321Clay,9.75,,Sealants,Mastic Accessories,
LX82564AC2,Osi Quad Max 9.50z #320Clay ',9.04,,Sealants,Mastic Accessories,
LX0EE28E59,Osi Quad Max 9.502 #315Ciay ',9.90,,Sealants,Mastic Accessories,
LX8760B880,Osi Quad Max 9.502 #308Clay,9.05,,Sealants,Mastic Accessories,
LXCFDA889A,Osi Quad Max 9.50Z #301Clay ',8.05,,Sealants,Mastic Accessories,
LXAA5D5725,Osi Quad Max 9.502 #284Brown ',9.96,,Sealants,Mastic Accessories,
LXC17AA344,Osi Quad Max 9.50Z #281Brown ',10.59,,Sealants,Mastic Accessories,
LXCEB00B33,Osi Quad Max 9.50Z #277Brown,8.24,,Sealants,Mastic Accessories,
LXE44DA2C1,Osi Quad Max 9.502 #267Brown,9.12,,Sealants,Mastic Accessories,
LXB87683B0,Osi Quad Max 9.50Z #260Brown,10.79,,Sealants,Mastic Accessories,
LX156E9839,OSI Quad Max #253 TimberBark9.50z,7.24,,Accessories - Other,Mastic Accessories,
LX4B1ED947,Osi Quad Max 9.502 #223Brown,8.26,,Sealants,Mastic Accessories,
LX4DD6F788,Osi Quad Max 9.502 #219Brown,8.00,,Sealants,Mastic Accessories,
LX289BB394,Osi Quad Max 9.502 #209Brown ',9.99,,Sealants,Mastic Accessories,
LX33DCAAF6,Osi Quad Max 9.50Z #205Brown ',9.15,,Sealants,Mastic Accessories,
LXD3D2F03E,Osi Quad Max 9.50Z #203Brown,8.07,,Sealants,Mastic Accessories,
LX70E04123,Osi Quad Max 9.50Z #201Bronze,9.81,,Sealants,Mastic Accessories,
LXC74DA81B,OSI Quad Max #003 Black9.50z,10.08,,Sealants,Mastic Accessories,
LXCC3DB199,Osi Quad Max 9.50Z #001White ',8.96,,Sealants,Mastic Accessories,
LX086B754C,Osi Quad Max 9.502 #486Beige,6.97,,Sealants,Mastic Accessories,
LX4199EB3A,Osi Quad Max 9.502 #519Gray,45.97,,Sealants,Mastic Accessories,
LX171E915C,AX Elec Block 156 EblockNatSlate,42.34,PC,Accessories - Other,Mastic Accessories,
LXF96D546D,AX Elec Block #18 EbiockSage,7.60,PC,Accessories - Other,Mastic Accessories,
LX6FF9C8F8,AX Elec Block #iF EbiockMSuede,6.45,PC,Accessories - Other,Mastic Accessories,
LX734EA1EE,AX J-Block #02 Block,6.35,PC,Accessories - Other,Mastic Accessories,
LXF860F209,AX J-Block 090 Block,6.26,PC,Accessories - Other,Mastic Accessories,
LX22A7A7F0,AX J-Block 100 BlockRuggedCanyon,6.88,PC,Accessories - Other,Mastic Accessories,
LX40E71DA9,AX J-Block 145 Block,73.04,PC,Accessories - Other,Mastic Accessories,
LX59072899,AX J-Block #17 BlockEverest,9.11,PC,Accessories - Other,Mastic Accessories,
LX5AE8C1D6,AX J-Block 170 BlockQuietWillow,45.12,PC,Accessories - Other,Mastic Accessories,
LX1103E7B1,AX J-Block 251 BlockAutumnHarvest,45.96,PC,Accessories - Other,Mastic Accessories,
LX2AB9FE98,AX J-Block 290 Block,8.32,PC,Accessories - Other,Mastic Accessories,
LX83D29618,AX J-Block #31 Block,8.72,PC,Accessories - Other,Mastic Accessories,
LXD2AC74B3,AX J-Block 510 BlockScottThistle,6.38,PC,Accessories - Other,Mastic Accessories,
LXCCEB0D32,AX J-Block 511 BlockTuscanOiive,30.85,PC,Accessories - Other,Mastic Accessories,
LXDD4C2461,AX J-Block #53 Block,8.32,PC,Accessories - Other,Mastic Accessories,
LX4CA66783,AX J-Block #8F Block,94.35,PC,Accessories - Other,Mastic Accessories,
LX177F29C5,AX J-Block #30 BlockClassicCream,8.83,PC,Accessories - Other,Mastic Accessories,
LX0BBD32E5,AX J-Block #10 BlockColYellow,9.58,PC,Accessories - Other,Mastic Accessories,
LXCFBCC80B,AX J-Block #22 BlockDesertSand ',7.11,PC,Accessories - Other,Mastic Accessories,
LX679D8E88,AX J-Block #GI Block,8.80,PC,Accessories - Other,Mastic Accessories,
LX2D06ECB5,AX J-Block #35 BlockHarborGrey,7.73,PC,Accessories - Other,Mastic Accessories,
LX1D338AC7,AX J-Block #IF Block,44.17,PC,Accessories - Other,Mastic Accessories,
LXF4FD4C26,AX J-Blook #44 BiockLinen,6.54,PC,Accessories - Other,Mastic Accessories,
LX2AA9ABD2,AX J-Block #52 BlockPebbleClay,35.09,PC,Accessories - Other,Mastic Accessories,
LX85B3BE3A,AX J-Block #PP BlocklslandPeat!,8.88,PC,Accessories - Other,Mastic Accessories,
LX3FF13256,AX J-Block #RO Block,6.22,PC,Accessories - Other,Mastic Accessories,
LX0BF72654,AX J-Block #18 BlockSage,8.98,PC,Accessories - Other,Mastic Accessories,
LX23C80069,AX J-Block #39 BlockSandtone,6.34,PC,Accessories - Other,Mastic Accessories,
LX70585F67,AX J-Block #36 BlockVictGrey,8.25,PC,Accessories - Other,Mastic Accessories,
LX6855A041,AX J-Block #04 BlockWhite,6.50,PC,Accessories - Other,Mastic Accessories,
LXA888CA02,AX J-Block #A7 BlockWicker,9.49,PC,Accessories - Other,Mastic Accessories,
LX2186A01A,AX Lrg J-Block 100 FmblockRCanyon,22.92,PC,Accessories - Other,Mastic Accessories,
LXB91830E3,AX Lig J-Biock 144 Fmblock,486.66,PC,Accessories - Other,Mastic Accessories,REVIEW - price may have OCR error
LX3EAE7F67,AX Lrg J-Block #17 FmblockEverest,43.35,PC,Accessories - Other,Mastic Accessories,
LXD0D59F02,AX Lig J-Block 170 FmblockQWillow,20.35,PC,Accessories - Other,Mastic Accessories,
LX7379F415,AX Lig J-Block 251 FmblockAUHrvst,20.48,PC,Accessories - Other,Mastic Accessories,
LX8AB01C24,AX Lig J-Block 390 FmblockEWedgwa,22.97,PC,Accessories - Other,Mastic Accessories,
LX0265186A,AX Lig J-Block §10 FmblockSThist!,14.91,PC,Accessories - Other,Mastic Accessories,
LXAEACCCD3,AX Lig J-Block 511 FmblockTOlive,17.39,PC,Accessories - Other,Mastic Accessories,
LX55DC1C5D,AX Lrg J-Block #22 FmblockDesSand,17.17,PC,Accessories - Other,Mastic Accessories,
LX54476C9A,AX Lrg J-Block #35 FmblockHrbGrey,21.59,PC,Accessories - Other,Mastic Accessories,
LX25BC5AE1,AX Lrg J-Block #52 FmblockPebClay,18.66,PC,Accessories - Other,Mastic Accessories,
LX1346CD0B,AX Lrg J-Block #£7 FmblockTimbrstn,18.28,PC,Accessories - Other,Mastic Accessories,
LXDFD1572F,AX Lrg J-Block #36 FmblockVicGrey ',16.40,PC,Accessories - Other,Mastic Accessories,
LXF72689F7,AX Lrg J-Block #04 FmblockWhite,20.02,PC,Accessories - Other,Mastic Accessories,
LXEA152FAB,AX Lrg J-Block #A7 FmblockWicker,16.23,PC,Accessories - Other,Mastic Accessories,
LX3E7B33B6,AX X-Lrg J-Block 090 Uniblockx!,41.46,PC,Accessories - Other,Mastic Accessories,
LXC49F386C,AX X-Lrg J-Block 100 Uniblockx!,19.25,PC,Accessories - Other,Mastic Accessories,
LX789FDE86,AX X-Lrg J-Block #18 Uniblockx!,393.77,PC,Accessories - Other,Mastic Accessories,REVIEW - price may have OCR error
LX8A14DE35,_[ AX X-Lrg J-Block #22 Uniblockxi,72.16,PC,Accessories - Other,Mastic Accessories,
LXDF622413,AX XLng J-Block #35 Uniblockxl,20.81,PC,Accessories - Other,Mastic Accessories,
LXD4EB658B,AX Lrg J-Block 511 Unibiockx!,381.70,PC,Accessories - Other,Mastic Accessories,REVIEW - price may have OCR error
LXBF1EDCCF,AX Meter J-Block #04 Meter,41.04,PC,Accessories - Other,Mastic Accessories,
LX1DC2FB7C,AX Meter J-Block 517 MeterTOlve,9.07,PC,Accessories - Other,Mastic Accessories,
LX2CA666D8,AX Meter J-Block #A7 Meter,30.07,PC,Accessories - Other,Mastic Accessories,
LX70BB25A5,AX Meter J-Block #22 MeterDesSand,45.52,PC,Accessories - Other,Mastic Accessories,
LXD36479B5,AX Meter J-Block #35 MeterHrbGrey,37.34,PC,Accessories - Other,Mastic Accessories,
LXB8C79FB1,AX Mini J-Block #22 MblockDesSand,31.73,PC,Accessories - Other,Mastic Accessories,
LX9D845FA1,AX Mini J-Block #£4 Mblock,35.11,PC,Accessories - Other,Mastic Accessories,
LX1B509C06,AX Mini J-Block #02 MBlockSiIGrey,34.83,PC,Accessories - Other,Mastic Accessories,
LXBC521EDF,AX Mini J-Block #A7 MblockWicker,34.30,PC,Accessories - Other,Mastic Accessories,
LXF5C1D227,AX Rec J-Block #02 Mblockr,29.84,PC,Accessories - Other,Mastic Accessories,
LX1C61A4A9,AX Rec J-Block 080 MblockrDgranite,35.75,PC,Accessories - Other,Mastic Accessories,
LX5B776F4C,AX Rec J-Block #10 MBLOCKR,46.30,PC,Accessories - Other,Mastic Accessories,
LXF9DCED28,AX Rec J-Biock 100 MBLOCKR,33.31,PC,Accessories - Other,Mastic Accessories,
LX598D4DDB,AX Rec J-Block 144 MBLOCKR,30.70,PC,Accessories - Other,Mastic Accessories,
LX2176AF1D,AX Rec J-Block 145 MbiockrBayou,6.54,PC,Accessories - Other,Mastic Accessories,
LX2C67AC07,AX Rec J-Block 146 Mblock Newport,38.77,PC,Accessories - Other,Mastic Accessories,
LXD1496C0D,AX Rec J-Block 147 MblockrBrandywa,35.97,PC,Accessories - Other,Mastic Accessories,
LX51E9E81A,AX Rec J-Block 149 MblockrRedBrck,9.57,PC,Accessories - Other,Mastic Accessories,
LX7AEF077E,AX Rec J-Block 156 MblockrNatSlat,7.72,PC,Accessories - Other,Mastic Accessories,
LX98694EE3,AX Rec J-Block #17 MblockrEverest,9.19,PC,Accessories - Other,Mastic Accessories,
LX779188BE,AX Rec J-Block 170 MblockraWilow,7.21,PC,Accessories - Other,Mastic Accessories,
LX741DF187,AX Rec J-Block 210 MblockiComSil,28.70,PC,Accessories - Other,Mastic Accessories,
LX6D951DB3,AX Rec J-Block 251 MblockrAulHarv,34.46,PC,Accessories - Other,Mastic Accessories,
LXE0FBFE52,AX Rec J-Block 262 MblockrVineyard,7.00,PC,Accessories - Other,Mastic Accessories,
LX0B0744FD,AX Rec J-Block 254 Mblockr,37.80,PC,Accessories - Other,Mastic Accessories,
LX1A11981E,AX Rec J-Block 200 MBLOCKR,7.56,PC,Accessories - Other,Mastic Accessories,
LX9FECC233,AX Rec J-Block #30 MBLOCKR,30.51,PC,Accessories - Other,Mastic Accessories,
LX6BAE1309,AX Rec J-Block #31 MBLOCKR,95.32,PC,Accessories - Other,Mastic Accessories,
LX1640CA9D,AX Rec J-Block #35 Mbiockr,8.26,PC,Accessories - Other,Mastic Accessories,
LX5A7E98F8,AX Rec J-Block 350 MblockrAlpFor,9.62,PC,Accessories - Other,Mastic Accessories,
LX92FB5D25,AX Rec J-Block 362 MblocktDPCavm,9.81,PC,Accessories - Other,Mastic Accessories,
LXB0122028,AX Rec J-Block 353 MblockrRtckHarb,30.76,PC,Accessories - Other,Mastic Accessories,
LX666EDB36,AX Rec J-Block 354 MbiockrWhispmg,38.82,PC,Accessories - Other,Mastic Accessories,
LXE34471F7,AX Rec J-Block #36 MBLOCKR:,7.49,PC,Accessories - Other,Mastic Accessories,
LX60878CAC,AX Rec J-Block 390 MBLOCKR,6.55,PC,Accessories - Other,Mastic Accessories,
LXE6D6BFA4,AX Rec J-Block 510 Mblockr S Thistl,7.46,PC,Accessories - Other,Mastic Accessories,
LXCB658DE7,AX Rec J-Block 511 Mblockr T Olive,32.89,PC,Accessories - Other,Mastic Accessories,
LX3BCB153E,AX Rec J-Block #52 MBLOCKR:,42.73,PC,Accessories - Other,Mastic Accessories,
LXA9A6B3CB,AX Rec J-Block #53 Mblockr,29.93,PC,Accessories - Other,Mastic Accessories,
LXC64F126A,AX Rec J-Block 603 Mblockr,32.30,PC,Accessories - Other,Mastic Accessories,
LXE2E9695D,AX Rec J-Block 612 Mblockr,39.84,PC,Accessories - Other,Mastic Accessories,
LX268B547E,AX Rec J-Block 814 Mblockr,6.48,PC,Accessories - Other,Mastic Accessories,
LXF9C63B8F,AX Rec J-Block #A7 Mblockr,39.09,PC,Accessories - Other,Mastic Accessories,
LXE4AAED4F,AX Rec J-Block #8H Mbiockr,8.20,PC,Accessories - Other,Mastic Accessories,
LXC44CE4C8,AX Rec J-Block #80 Mblockr,8.47,PC,Accessories - Other,Mastic Accessories,
LX11B9397C,AX Rec J-Block #8U Mblockr,30.22,PC,Accessories - Other,Mastic Accessories,
LX79F09E24,AX Rec J-Block #22 MblockrDesSand,33.69,PC,Accessories - Other,Mastic Accessories,
LX56CFE4F0,AX Rec J-Block #EO Mblockr,7.56,PC,Accessories - Other,Mastic Accessories,
LX0417F6C4,AX Rec J-Block #EA Mblockr,37.67,PC,Accessories - Other,Mastic Accessories,
LXD7F0AF01,AX Rec J-Block #ED Mblockr,38.63,PC,Accessories - Other,Mastic Accessories,
LX5AEC016E,AX Rec J-Block #£6 MblockrGlacier,44.34,PC,Accessories - Other,Mastic Accessories,
LX51F2A9D6,AX Rec J-Block #GI Mblockr,9.69,PC,Accessories - Other,Mastic Accessories,
LXAB38DDB3,AX Rec J-Block #GP Mblockr,7.55,PC,Accessories - Other,Mastic Accessories,
LX823DA8DD,AX Rec J-Block IC MblockrLakeshor,40.98,PC,Accessories - Other,Mastic Accessories,
LXA1F49FF1,AX Rec J-Block #iF MblockrMTSuede,46.03,PC,Accessories - Other,Mastic Accessories,
LXFE335D55,AX Rec J-Block #44 MblockrLinen,37.20,PC,Accessories - Other,Mastic Accessories,
LX41E8D3D2,AX Rec J-Block #PW Mblockr,7.04,PC,Accessories - Other,Mastic Accessories,
LXF8694463,AX Rec J-Block #QG Mblockr,9.71,PC,Accessories - Other,Mastic Accessories,
LXE672F0A8,AX Rec J-Block #RD Mblockr,39.90,PC,Accessories - Other,Mastic Accessories,
LX759FB9C1,AX Rec J-Block #18 Mblock'Sage,8.90,PC,Accessories - Other,Mastic Accessories,
LX40ACB0B1,AX Rec J-Block #39 MblockrSandione,8.48,PC,Accessories - Other,Mastic Accessories,
LXA9AF481C,AX Rec J-Block #E7 MblockrTimbrstn,39.95,PC,Accessories - Other,Mastic Accessories,
LX9B6BFF26,AX Rec J-Block #04 MblockrWhite,7.63,PC,Accessories - Other,Mastic Accessories,
LXBEFCCC35,AX Sqr J-Block #02 UniblockSiiver,41.09,PC,Accessories - Other,Mastic Accessories,
LX45A3373F,AX Sqr J-Block 090 UniblockDgranit,7.27,PC,Accessories - Other,Mastic Accessories,
LXB0D7AD78,AX Sqr J-Block #10 UniblockCYelw,42.63,PC,Accessories - Other,Mastic Accessories,
LX6D873748,AX Sar J-Block 100 UniblockReanyon,44.39,PC,Accessories - Other,Mastic Accessories,
LX08F74551,AX Sqr J-Block 144 UniblockMShadw,8.32,PC,Accessories - Other,Mastic Accessories,
LX5B14C355,AX Sqr J-Block 145 UniblockBayou,40.20,PC,Accessories - Other,Mastic Accessories,
LX819D0436,AX Sqr J-Block 146 UniblockNewport,39.49,PC,Accessories - Other,Mastic Accessories,
LX7C2E57F6,AX Sqr J-Block 147 UniblockBrandyw,39.36,PC,Accessories - Other,Mastic Accessories,
LX9CAC7C9F,AX Sqr J-Block 149 UniblockRedBre,36.84,PC,Accessories - Other,Mastic Accessories,
LXA602C2B3,AX Sqr J-Block 156 UniblockNatsit,43.41,PC,Accessories - Other,Mastic Accessories,
LXDFD12D1F,AX Sqr J-Block #17 UniblockEverest,70.34,PC,Accessories - Other,Mastic Accessories,
LXB4766478,AX Sar J-Block 170 UniblockGwiliow,43.62,PC,Accessories - Other,Mastic Accessories,
LXC9EC37B6,AX Sqr J-Block #16 UniblockSage,7.61,PC,Accessories - Other,Mastic Accessories,
LX36A65C13,AX Sqr J-Block 210 UniblockComSi,7.83,PC,Accessories - Other,Mastic Accessories,
LXAD1B539B,AX Sqr J-Block #22 UniblockDesert,91.05,PC,Accessories - Other,Mastic Accessories,
LX12D80566,AX Sqr J-Block 251 UniblockAHrvst,9.30,PC,Accessories - Other,Mastic Accessories,
LXE9FC8C1B,AX Sqr J-Block 252 UniblockVineyrd,7.86,PC,Accessories - Other,Mastic Accessories,
LX91394F8A,AX Sqr J-Block 290 UniblockRusset,8.77,PC,Accessories - Other,Mastic Accessories,
LXA72B362F,AX Sqr J-Block #30 UniblockCisCrm,7.32,PC,Accessories - Other,Mastic Accessories,
LX4DAC421C,AX Sqr J-Block #31 UniblockCameo,8.05,PC,Accessories - Other,Mastic Accessories,
LX94DA480C,AX Sqr J-Block #35 UniblockHarbor,8.11,PC,Accessories - Other,Mastic Accessories,
LXB635A689,AX Sar J-Block 350 UniblockAlpFor,6.95,PC,Accessories - Other,Mastic Accessories,
LXDCF50CDE,AX Sqr J-Blook 352 UniblockDPOvin,9.17,PC,Accessories - Other,Mastic Accessories,
LX72527176,AX Sqr J-Blook 353 UniblockRKHarb,31.85,PC,Accessories - Other,Mastic Accessories,
LXF12FD690,AX Sqr J-Block 354 UniblockWhsprng,7.94,PC,Accessories - Other,Mastic Accessories,
LX07140619,AX Sqr J-Block #36 UniblockVicGry,8.00,PC,Accessories - Other,Mastic Accessories,
LX50B85315,AX Sqr J-Block #39 UniblockSandtne,7.77,PC,Accessories - Other,Mastic Accessories,
LX319E49A9,AX Sqr J-Block 390 UniblockEWedge,6.82,PC,Accessories - Other,Mastic Accessories,
LX93BB6C6B,AX Sar J-Block #44 UniblockLinen,7.99,PC,Accessories - Other,Mastic Accessories,
LX3A867841,AX Sqr J-Block 510 UniblockSThist,7.03,PC,Accessories - Other,Mastic Accessories,
LX32F4CC69,AX Sqr J-Block #52 UniblockPebclay,35.68,PC,Accessories - Other,Mastic Accessories,
LXE644974D,AX Sqr J-Block #53 UniblockAlmond,6.41,PC,Accessories - Other,Mastic Accessories,
LXEE78E8E2,AX Sqr J-Block 802 Unibiock,33.40,PC,Accessories - Other,Mastic Accessories,
LX7C2F754F,AX Sqr J-Block 803 Uniblock,43.88,PC,Accessories - Other,Mastic Accessories,
LXA4FE9C0C,AX Sqr J-Block 812 Unibiock,39.82,PC,Accessories - Other,Mastic Accessories,
LX2254CBA1,AX Sqr J-Block 813 Unibiock,86.84,PC,Accessories - Other,Mastic Accessories,
LX134C893B,AX Sqr J-Block 814 Uniblock,38.25,PC,Accessories - Other,Mastic Accessories,
LXB5EB978C,AX Sqr J-Block #A7 UniblockWicker,7.14,,Accessories - Other,Mastic Accessories,
LXDFA8A7B6,AX Sqr J-Block #04 UniblockWhite,44.59,PC,Accessories - Other,Mastic Accessories,
LX4675D403,AX Sar J-Block #BQ Uniblock,7.13,PC,Accessories - Other,Mastic Accessories,
LX7197CEFD,AX Sqr J-Block #E6 UniblockGlacier,46.16,PC,Accessories - Other,Mastic Accessories,
LX236ED881,AX Sqr J-Block #E7 UniblockTimbers,44.97,PC,Accessories - Other,Mastic Accessories,
LX9053F3D0,AX Sqr J-Block #E9 UniblockAmwaint,40.08,PC,Accessories - Other,Mastic Accessories,
LX63846514,AX Sqr J-Block #EA UniblockHarvSL,8.23,,Accessories - Other,Mastic Accessories,
LX02429149,AX Sqr J-Block #ED UniblockFlint,9.65,PC,Accessories - Other,Mastic Accessories,
LXF009F962,AX Sqr J-Block #GP Uniblock,33.84,PC,Accessories - Other,Mastic Accessories,
LX357BB00D,AX Sqr J-Block #IC UniblockLakeshr,45.30,PC,Accessories - Other,Mastic Accessories,
LXF4435FAC,AX Sqr J-Block #iF UniblockMSuede,33.17,PC,Accessories - Other,Mastic Accessories,
LXEDF44ADD,AX Sqr J-Block #PC UniblockMOClay,42.43,PC,Accessories - Other,Mastic Accessories,
LX6617D85E,AX Sqr J-Block #PW Uniblock,6.23,PC,Accessories - Other,Mastic Accessories,
LX8F9EFD7F,AX Sqr J-Block #QG Uniblock,7.09,PC,Accessories - Other,Mastic Accessories,
LX7BF25D39,AX Lrg J-Block #02 JMBLOCK,22.49,PC,Accessories - Other,Mastic Accessories,
LXC64A9537,AX Lrg J-Block 144 JMBLOCK,16.90,PC,Accessories - Other,Mastic Accessories,
LX746B401C,AX Lrg J-Block #22 JMBLOCK ',20.81,PC,Accessories - Other,Mastic Accessories,
LX084F7A8A,AX Lrg J-Block 350 JMBLOCK,15.43,PC,Accessories - Other,Mastic Accessories,
LX571F75E4,AX Lrg J-Block #52 JMBLOCK,17.12,PC,Accessories - Other,Mastic Accessories,
LX85B55448,"Mastic 7"" Board & Batten BrunswickBB70 $i",94.59,,Siding Panels,Mastic Accessories,
LX37660BB0,"Mastic 7"" Board & Batten Deep Cavr BB70 '",343.81,,Siding Panels,Mastic Accessories,
LX5C245BF4,Mastic 7” Board & Batten DP Granit BB70,230.43,SQ,Siding Panels,Mastic Accessories,
LX1FB38B00,Mastic 7” Board & Batten Harbor GY BB70,151.86,SQ,Siding Panels,Mastic Accessories,
LXCC5FA477,Mastic 7” Board & Batten Lakeshore BB70 3,204.05,SQ,Siding Panels,Mastic Accessories,
LXEBED4479,Mastic 7” Board & Batlen Mist Shdw 8870,160.03,SQ,Accessories - Other,Mastic Accessories,
LXFF3E8A71,Mastic 7” Board & Batten Mnt Suede 8570 si,4.00,SQ,Siding Panels,Mastic Accessories,
LXEBC78DD7,Mastic 7” Board & Batten Nwprt Bay B70,205.40,SQ,Siding Panels,Mastic Accessories,
LXA8994E8A,Mastic 7” Board & Batten Nat Slate 8370,199.01,,Siding Panels,Mastic Accessories,
LX27F83DCD,"Mastic 7"" Board & Batten Peb Clay BB70",155.14,SQ,Siding Panels,Mastic Accessories,
LX865F347D,"Mastic 7"" Board & Batten Rug CanynBB70",218.18,SQ,Siding Panels,Mastic Accessories,
LX31CB911B,Mastic 7” Board & Batten Rock HrbrBB70,266.04,SQ,Siding Panels,Mastic Accessories,
LX329E3E4E,Mastic 7” Board & Batten S ThistleBB70,161.16,SQ,Siding Panels,Mastic Accessories,
LX253E315A,Mastic 7” Board & Batten SandtoneBB70,143.47,SQ,Siding Panels,Mastic Accessories,
LXFD0F8EC5,Mastic 7” Board & Batten Vict GreyBB70,196.75,SQ,Siding Panels,Mastic Accessories,
LXE1869C3F,Mastic 7” Board & Batten White BB70,163.00,SQ,Siding Panels,Mastic Accessories,
LXEDA6F749,Mastic 7” Board & Batien Wicker BB70 3,428.71,SQ,Accessories - Other,Mastic Accessories,REVIEW - price may have OCR error
LXEFC32111,MT Carved D4 Sm Linen CW240S ',108.28,SQ,Accessories - Other,Mastic Accessories,
LXAC9AA757,MT Carved D4 Sm White CW240S,336.55,SQ,Accessories - Other,Mastic Accessories,REVIEW - price may have OCR error
LXE4F3EA51,Mastic Carved D4.5 DL Alpine FstcW2D45,100.34,SQ,Accessories - Other,Mastic Accessories,
LXE3B9F06A,Mastic Carved D4.5 DL Aut HarvstCW2045 3,103.53,SQ,Accessories - Other,Mastic Accessories,
LX3958C941,Mastic Carved D4.5 DL Almond CW2D45 ',72.97,SQ,Accessories - Other,Mastic Accessories,
LXD2BA652D,Mastic Carved D4.5 DL Brunswick CW2D45,100.90,SQ,Accessories - Other,Mastic Accessories,
LX98B6892F,Mastic Carved D4.5 DL Brandywood CW2D45,143.95,SQ,Accessories - Other,Mastic Accessories,
LX6F524F52,Mastic Carved D4.5 DL Cameo CW2D45,309.96,SQ,Accessories - Other,Mastic Accessories,REVIEW - price may have OCR error
LX7587BB2E,Mastic Carved D4.5 DL CL Cream CW2D45,341.95,SQ,Accessories - Other,Mastic Accessories,REVIEW - price may have OCR error
LX58B75FD7,Mastic Carved D4.5 DL Corn Sik CW2D45,109.30,SQ,Accessories - Other,Mastic Accessories,
LX4113D3F0,Mastic Carved 04.5 DL Col Yellow CW2D45,77.89,SQ,Accessories - Other,Mastic Accessories,
LX477AD551,Mastic Carved D4.5 DL Deep Cavmn CW2D45,150.74,SQ,Accessories - Other,Mastic Accessories,
LXCFE1EC2E,Mastic Carved D4.5 DL DP Granite CW2D45,107.08,SQ,Accessories - Other,Mastic Accessories,
LX15AC5287,Mastic Carved D4.5 DL Des Sand CW2D45,88.22,SQ,Accessories - Other,Mastic Accessories,
LX3D253E25,Mastic Carved D4.5 DL Everest CW2D45,96.36,SQ,Accessories - Other,Mastic Accessories,
LX85AFC9FF,Mastic Carved D4.5 DL Eng Wedgew CW2D45,94.22,SQ,Accessories - Other,Mastic Accessories,
LXBF0C9147,Mastic Carved D4.5 DL Harbor Gry CW2045 '§,104.45,SQ,Accessories - Other,Mastic Accessories,
LX9D98D10C,Mastic Carved D4.5 DL Linen CW2D45 ',74.40,SQ,Accessories - Other,Mastic Accessories,
LXCBAFC15C,MT Carved 4.5 DL Mahagony CW2D45 ¥,112.95,SQ,Accessories - Other,Mastic Accessories,
LX2B2698CD,Mastic Carved D4.5 DL Misty Shaw CW2045,109.43,SQ,Accessories - Other,Mastic Accessories,
LX810FA52C,Mastic Carved 4.5 DL Modern Im CW2D45,91.02,SQ,Accessories - Other,Mastic Accessories,
LX082EC9DC,Mastic Carved 4.5 DL Newport BY CW2D45,132.01,SQ,Accessories - Other,Mastic Accessories,
LXF48B02A1,Mastic Carved D4.5 DL Nat Slate CW2D45,109.83,SQ,Accessories - Other,Mastic Accessories,
LX6C611364,Mastic Carved 04.5 DL Peb Clay CW2D45,89.74,SQ,Accessories - Other,Mastic Accessories,
LX1E460F48,Mastic Carved 04.5 DL Q Willow CW2D45,80.83,SQ,Accessories - Other,Mastic Accessories,
LX70ACF2D5,Mastic Carved D4.5 DL Red Brick CW2D45,102.30,SQ,Accessories - Other,Mastic Accessories,
LX59C8265C,Mastic Carved D4.5 DL Rugged Can CW2D45 ',110.03,SQ,Accessories - Other,Mastic Accessories,
LX582BA84E,MT Carved D4.5 DL Rock Harbr CW2D45,131.06,SQ,Accessories - Other,Mastic Accessories,
LX35D4321C,Mastic Carved D4.5 DL Russet Red CW2D45,104.21,SQ,Accessories - Other,Mastic Accessories,
LXF6DB162D,Mastic Carved D4.5 DL Sage CW2D45,86.86,SQ,Accessories - Other,Mastic Accessories,
LX8477D01B,Mastic Carved D4.5 DL Silver Gry CW2D45,450.72,SQ,Accessories - Other,Mastic Accessories,REVIEW - price may have OCR error
LXB381E975,Mastic Carved D4.5 DL S Thistie CW2D45,408.10,SQ,Accessories - Other,Mastic Accessories,REVIEW - price may have OCR error
LX2E85BA8A,Mastic Carved D4.5 DL Sandtone CW2D45 ',78.32,SQ,Accessories - Other,Mastic Accessories,
LX6CBD591C,Mastic Carved D4.5 DL Tusc Olive CW2D45,440.69,SQ,Accessories - Other,Mastic Accessories,REVIEW - price may have OCR error
LX801A1B59,Mastic Carved D4.5 DL Vie Grey CW2D45,79.10,SQ,Accessories - Other,Mastic Accessories,
LXE1DCE957,Mastic Carved D4.5 DL White CW2D45 ',97.18,SQ,Accessories - Other,Mastic Accessories,
LX6BC26EA3,Mastic Carved D4.5 DL Wicker CW2D45,98.73,SQ,Accessories - Other,Mastic Accessories,
LXDF6A7C57,MT Carved D4.5 DL Woodi Retr CW2D45,136.18,SQ,Accessories - Other,Mastic Accessories,
LX57A92FBE,MT Carved D4.5 DL Whisp TIM CW2D45,116.86,SQ,Accessories - Other,Mastic Accessories,
LX6486E532,MT Carved D4 WG Brandywood CW240,160.62,SQ,Accessories - Other,Mastic Accessories,
LX6531686F,MT Carved D4 WG Cameo CW240,106.75,,Accessories - Other,Mastic Accessories,
LX448129D7,MT Carved D4 WG Civ BrwnsineCwW240,106.58,SQ,Accessories - Other,Mastic Accessories,
LX93C56884,MT Carved D4 WG Classic Creamcw240,420.39,SQ,Accessories - Other,Mastic Accessories,REVIEW - price may have OCR error
LX188EEE79,MT Carved D4 WG Com Sik CW240,105.12,SQ,Accessories - Other,Mastic Accessories,
LX854B6C49,MT Carved D4 WG Col Yellow CW240,102.14,SQ,Accessories - Other,Mastic Accessories,
LX7573E2B4,MT Carved D4 WG Deep Cavern CW240,411.83,SQ,Accessories - Other,Mastic Accessories,REVIEW - price may have OCR error
LX036CB9A0,MT Carved D4 WG Deep Granite CW240,126.50,SQ,Accessories - Other,Mastic Accessories,
LX675B84A2,MT Carved D4 WG Desert Sand CW240,95.62,SQ,Accessories - Other,Mastic Accessories,
LXBC49453B,MT Carved D4 WG Everest CW240 §,102.07,SQ,Accessories - Other,Mastic Accessories,
LXE9CEB7E5,MT Carved D4 WG Eng Wedgewood CW240,143.18,SQ,Accessories - Other,Mastic Accessories,
LX0FA7EC4D,MT Carved D4 WG Harbor Grey CW240,103.51,SQ,Accessories - Other,Mastic Accessories,
LX35F9E494,MT Carved D4 WG Linen CW240 ‘,93.84,SQ,Accessories - Other,Mastic Accessories,
LXD9D3833B,MT Carved D4 WG Modem Iron CW240,129.01,SQ,Accessories - Other,Mastic Accessories,
LX726A452D,MT Carved D4 WG Montana Suede CW240 3,113.82,SQ,Accessories - Other,Mastic Accessories,
LX64B60D45,MT Carved D4 WG Newport Bay CW240,110.04,SQ,Accessories - Other,Mastic Accessories,
LXBF8B74F4,MT Carved D4 WG Pebble Clay CW240 ',103.17,SQ,Accessories - Other,Mastic Accessories,
LX5D126A60,MT Carved D4 WG Quiet Willow CW240,149.59,SQ,Accessories - Other,Mastic Accessories,
LXE4533B55,MT Carved D4 WG Red Brick CW240,150.90,SQ,Accessories - Other,Mastic Accessories,
LX3101A5D7,MT Carved 04 WG Rugged Canyon CW240 3,567.88,SQ,Accessories - Other,Mastic Accessories,REVIEW - price may have OCR error
LX602B079A,MT Carved D4 WG Rock Harbor CW240 $3,115.18,SQ,Accessories - Other,Mastic Accessories,
LX0443A355,MT Carved D4 WG Russet Red CW240,91.95,SQ,Accessories - Other,Mastic Accessories,
LX91466772,MT Carved D4 WG Sage CW240 ',107.23,SQ,Accessories - Other,Mastic Accessories,
LX2054E867,MT Carved D4 WG Silver Grey CW240 ',79.69,SQ,Accessories - Other,Mastic Accessories,
LX5EA8FDD0,MT Carved D4 WG Scot Thistle CW240 {,103.80,SQ,Accessories - Other,Mastic Accessories,
LX180B1546,MT Carved D4 WG Sandtone CW240,99.14,SQ,Accessories - Other,Mastic Accessories,
LX11CE3E58,MT Carved D4 WG Tuscan Olive CW240 ',86.02,SQ,Accessories - Other,Mastic Accessories,
LX7E88A90E,Mastic Carved D4 WG Vintge Dublincw240,122.25,SQ,Accessories - Other,Mastic Accessories,
LX7D55872F,MT Carved D4 WG Vic Grey CW240 ',104.30,SQ,Accessories - Other,Mastic Accessories,
LXD12E64EC,MT Carved D4 WG White CW240,86.15,SQ,Accessories - Other,Mastic Accessories,
LX24749A9B,MT Carved D4 WG Wicker CW240,105.19,SQ,Accessories - Other,Mastic Accessories,
LXB3E09C30,MT Carved D4 WG Woodl RetreatCW240,144.59,SQ,Accessories - Other,Mastic Accessories,
LX052FFE3A,MT Carved D5 WG Almond CW250 ',118.08,SQ,Accessories - Other,Mastic Accessories,
LXEE886696,MT Carved D5 WG Cameo CW250 ',111.74,SQ,Accessories - Other,Mastic Accessories,
LX76D01925,MT Carved D5 WG Classic CreamCW250 ',94.28,SQ,Accessories - Other,Mastic Accessories,
LX4B16F788,MT Carved D5 WG Col Yellow CW250,104.57,SQ,Accessories - Other,Mastic Accessories,
LXA74DA618,MT Carved D5 WG Deep Granite CW250,92.62,SQ,Accessories - Other,Mastic Accessories,
LXC1681FBD,MT Carved D5 WG Desert Sand CW250,120.21,SQ,Accessories - Other,Mastic Accessories,
LX1507E212,MT Carved D5 WG Everest CW250,94.84,SQ,Accessories - Other,Mastic Accessories,
LX2FE4C6B6,MT Carved D5 WG Eng Wedgewood CW250,185.26,,Accessories - Other,Mastic Accessories,
LX72CB4371,MT Carved D5 WG Linen CW250 ',102.56,SQ,Accessories - Other,Mastic Accessories,
LXC4422985,MT Carved D5 WG Misty Shadow CW250,169.53,,Accessories - Other,Mastic Accessories,
LX910075F5,MT Carved D5 WG Montana Suede CW250,91.69,,Accessories - Other,Mastic Accessories,
LXB8A73B2D,"MT Carved D5 WG Pebble Clay CW250 """,95.07,SQ,Accessories - Other,Mastic Accessories,
LXA5E7D2CD,MT Carved D5 WG Quiet Willow CW250,141.01,,Accessories - Other,Mastic Accessories,
LX41B6F3E8,MT Carved D5 WG Rugged Canyon CW250 sii,3.59,,Accessories - Other,Mastic Accessories,
LX596927F1,MT Carved D5 WG Sage CW250 ',90.08,SQ,Accessories - Other,Mastic Accessories,
LX1429C9CA,MT Carved D5 WG Sliver Grey CW250,84.03,SQ,Accessories - Other,Mastic Accessories,
LX233EE82F,MT Carved D5 WG Vic Grey CW250 ',84.47,SQ,Accessories - Other,Mastic Accessories,
LXC2EBF124,MT New Ced Disc TS D Granite CDS0P2,393.05,,Accessories - Other,Mastic Accessories,REVIEW - price may have OCR error
LXE0DCC9BD,MT New Ced Disc TS Harbor GY CDS0P2,213.94,,Accessories - Other,Mastic Accessories,
LXEE2E0CCF,MT New Ced Disc TS White CD50P2 ',305.04,SQ,Accessories - Other,Mastic Accessories,
LXDF7595C5,Mastic New Ced Disc D7 Almond CD70P2,262.73,,Accessories - Other,Mastic Accessories,
LX053AF45F,MT New Ged Disc D7 AM Walnut CD70P2 s,312.31,,Accessories - Other,Mastic Accessories,REVIEW - price may have OCR error
LX1BDADBC7,MT New Ced Disc D7 Cameo CD70P2,255.93,SQ,Accessories - Other,Mastic Accessories,
LX08146C3E,MT New Ced Disc D7 CL Cream CD70P2,271.74,,Accessories - Other,Mastic Accessories,
LXCDDFB1A6,Mastic New Ced Disc D7 D Granite CD70P2,304.58,SQ,Accessories - Other,Mastic Accessories,REVIEW - price may have OCR error
LX4C36C4D7,Mastic New Ged Disc D7 Eng Wedge CD70P2 ',332.66,,Accessories - Other,Mastic Accessories,REVIEW - price may have OCR error
LX55ADA591,Mastic New Ced Disc D7 Harbor GY CD70P2 ',265.96,,Accessories - Other,Mastic Accessories,
LX3FCAA3BD,Mastic New Ged Disc D7 M Shadow CD70P2,274.92,,Accessories - Other,Mastic Accessories,REVIEW - price may have OCR error
LXAD070DC2,MT New Ced Disc D7 MT Suede CD70P2 ',323.60,,Accessories - Other,Mastic Accessories,REVIEW - price may have OCR error
LX215B704A,Mastic New Ced Disc D7 Newprt BY CD70P2 ',329.25,SQ,Accessories - Other,Mastic Accessories,REVIEW - price may have OCR error
LXE281A0AE,Mastic New Ced Disc D7 Nat Slate CD70P2,361.82,,Accessories - Other,Mastic Accessories,REVIEW - price may have OCR error
LX3D0BF688,Mastic New Ced Disc D7 Peb Clay CD70P2,244.88,,Accessories - Other,Mastic Accessories,
LX97852FC3,MT New Ged Disc D7 Portsmth CD70P2,327.46,,Accessories - Other,Mastic Accessories,REVIEW - price may have OCR error
LX2DE6E60D,Mastic New Ced Disc D7 Q Willow CD70P2,327.58,,Accessories - Other,Mastic Accessories,REVIEW - price may have OCR error
LXD73EAF19,MT New Ged Disc D7 Red Cedar CD70P2,305.14,,Accessories - Other,Mastic Accessories,REVIEW - price may have OCR error
LX474A2553,Mastic New Ced Disc 07 Silver GY CD70P2,229.21,,Accessories - Other,Mastic Accessories,
LXA46CE50E,Mastic New Ced Disc D7 White CD70P2,241.11,,Accessories - Other,Mastic Accessories,
LX5CFF76CA,MT New Ged Disc D7 Walnut CD70P2,375.52,,Accessories - Other,Mastic Accessories,REVIEW - price may have OCR error
LXCDDA1446,MT Ced Disc D7 Classic Cream CD70P,339.20,,Accessories - Other,Mastic Accessories,
LX6BE0A251,MT Ced Disc D7 Eng Wedgewood CD70P,329.35,,Accessories - Other,Mastic Accessories,REVIEW - price may have OCR error
LXEF3468BF,MT Ged Disc D7 Lakeshore Fern CD70P,324.89,,Accessories - Other,Mastic Accessories,REVIEW - price may have OCR error
LX327794D6,MT Ced Disc D7 Rugged Canyon CD70P,350.72,,Accessories - Other,Mastic Accessories,REVIEW - price may have OCR error
LX4CDF2E1C,MT Ged Disc D7 Russet Red CO70P,281.78,,Accessories - Other,Mastic Accessories,REVIEW - price may have OCR error
LXC0D3835C,MT Ced Disc D7 Victorian Grey CD70P.,235.52,,Accessories - Other,Mastic Accessories,
LXE25E57F3,MT Ced Disc D7 White CD70P,318.70,,Accessories - Other,Mastic Accessories,
LX79506457,MT Ged Disc HS Shake A Hivst CDSSHS,350.73,SQ,Accessories - Other,Mastic Accessories,REVIEW - price may have OCR error
LX07D3C37E,MT Ced Disc HS Shake A Walnt CDSSHS,304.53,,Accessories - Other,Mastic Accessories,REVIEW - price may have OCR error
LX67330D49,MT Ged Disc HS Shake Brandy CD95HS,298.08,SQ,Accessories - Other,Mastic Accessories,REVIEW - price may have OCR error
LXD49F0759,MT Ced Disc HS Shake Cameo CD9SHS,310.77,,Accessories - Other,Mastic Accessories,REVIEW - price may have OCR error
LX99D3BA75,MT Ged Disc HS Shake Cape CD CDS5HS,361.94,SQ,Accessories - Other,Mastic Accessories,REVIEW - price may have OCR error
LX303E6406,MT Ged Disc HS Shake Doranit CD9SHS,320.57,SQ,Accessories - Other,Mastic Accessories,REVIEW - price may have OCR error
LXCEA083A4,MT Ced Disc HS Shake D Sand CD9SHS,250.71,SQ,Accessories - Other,Mastic Accessories,REVIEW - price may have OCR error
LX5D39FC18,MT Ced Disc HS Shake E Wedge CD9SHS,294.03,SQ,Accessories - Other,Mastic Accessories,REVIEW - price may have OCR error
LX30C10E98,MT Ged Disc HS Shake Harbor CDSSHS,273.48,SQ,Accessories - Other,Mastic Accessories,REVIEW - price may have OCR error
LXFA6B9799,MT Ged Disc HS Shake Lakeshr CD95HS,262.96,SQ,Accessories - Other,Mastic Accessories,REVIEW - price may have OCR error
LX80225A9B,MT Ced Disc HS Shake Mahogny CD9SHS,265.27,SQ,Accessories - Other,Mastic Accessories,REVIEW - price may have OCR error
LX70AAAFC3,MT Ged Disc HS Shake M Shadw CD9SHS,314.64,SQ,Accessories - Other,Mastic Accessories,REVIEW - price may have OCR error
LXA195E4FC,MT Ged Disc HS Shake M Suede CD9SHS,256.69,SQ,Accessories - Other,Mastic Accessories,REVIEW - price may have OCR error
LXD1862312,Mastic Ged Disc HS Shake N Slate CD9SHS,238.79,SQ,Accessories - Other,Mastic Accessories,REVIEW - price may have OCR error
LXFB775307,Mastic Ced Disc HS Shake P Clay CD95HS,242.79,SQ,Accessories - Other,Mastic Accessories,REVIEW - price may have OCR error
LXE81CA702,Mastic Ced Disc HS Shake Q Wilw CD9SHS,354.17,,Accessories - Other,Mastic Accessories,REVIEW - price may have OCR error
LX5E59936A,MT Ged Disc HS Shake Red Ced CD95HS,278.69,,Accessories - Other,Mastic Accessories,REVIEW - price may have OCR error
LX966DE74B,MT Ged Disc HS Shake Rock HA CD9SHS,255.67,,Accessories - Other,Mastic Accessories,REVIEW - price may have OCR error
LX05D3B159,MT Ged Disc HS Shake Silver CD8SHS,293.99,SQ,Accessories - Other,Mastic Accessories,REVIEW - price may have OCR error
LX8B4E19B0,Mastic Ced Disc HS Shake S Thist COSSHS,344.42,,Accessories - Other,Mastic Accessories,REVIEW - price may have OCR error
LX946ADF36,MT Ced Disc HS Shake Timber CD9SHS,350.35,SQ,Accessories - Other,Mastic Accessories,REVIEW - price may have OCR error
LXC1E66163,Mastic Ced Disc HS Shake T Olive CD9SHS,310.53,,Accessories - Other,Mastic Accessories,REVIEW - price may have OCR error
LX2F6E9704,MT Ced Disc HS Shake Timbstn CD9SHS:,409.56,SQ,Accessories - Other,Mastic Accessories,REVIEW - price may have OCR error
LXB1219641,Mastic Ced Disc HS Shake White CD9SHS,254.23,SQ,Accessories - Other,Mastic Accessories,REVIEW - price may have OCR error
LX37C3F7A7,MT Ced Disc HS Shake Walnut CD9SHS,314.95,SQ,Accessories - Other,Mastic Accessories,REVIEW - price may have OCR error
LX3EF0A6CA,MT Dbi Finish Trim Cameo Mvait,9.88,PC,Trim,Mastic Accessories,
LXC50BF45E,MT Dbl Finish Trim D GraniteMVDFT,10.29,PC,Trim,Mastic Accessories,
LX39982F3A,MT DbI Finish Trim Des SandMvalt,115.58,PC,Trim,Mastic Accessories,
LX3B207197,MT Dbl Finish Trim EverestMivdft,6.64,PC,Trim,Mastic Accessories,
LX435580B3,MT Dbl Finish Trim HarborGryMvaft,8.65,PC,Trim,Mastic Accessories,
LX0DFD774D,MT Dbl Finish Trim LinenMvaft ',10.44,PC,Trim,Mastic Accessories,
LXE1C3F8ED,MT Dbi Finish Trim PebClayMvdt ',9.74,PC,Trim,Mastic Accessories,
LX40737B2F,MT Dbl Finish Trim RugCanyonMvaft,10.77,PC,Trim,Mastic Accessories,
LXC2B82A4C,MT DBI Finish Trim SageMvdtt,33.85,PC,Trim,Mastic Accessories,
LXD2210EB6,MT DBI Finish Trim SiiverGryMvat,43.62,PC,Trim,Mastic Accessories,
LX7D963C06,MT DbI Finish Trim S ThstieMvatt,9.91,PC,Trim,Mastic Accessories,
LXB9943FDA,ish Trim Tusc OliveMvdft,38.25,PC,Trim,Mastic Accessories,
LX9555F0BE,MT DbI Finish Trim Vic Grey Mvat,10.79,PC,Trim,Mastic Accessories,
LX390265F6,MT Dbi Finish Trim White Mvdft ',7.95,PC,Trim,Mastic Accessories,
LX25827DF7,MT Dbi Finish Trim Wicker Mvdft,7.75,PC,Trim,Mastic Accessories,
LXA545B31D,"AX 6"" Hood Dryer #22 ORYERHOODE '",12.56,PC,Accessories - Other,Mastic Accessories,
LX3CD0E19D,"AX 6"" Hood Dryer #52 DRYERHOODS",273.95,PC,Accessories - Other,Mastic Accessories,REVIEW - price may have OCR error
LX841505F8,AX Hood Dryer 100 DRYERHOOD,82.37,PC,Accessories - Other,Mastic Accessories,
LXA72181CE,AX Hood Dryer 144 Dryerhood,77.33,PC,Accessories - Other,Mastic Accessories,
LX8D5BFD55,AX Hood Dryer 146 DryerhoodNewport,14.17,PC,Accessories - Other,Mastic Accessories,
LX5DB5C2F9,AX Hood Dryer #17 DryerhoodEverest,12.29,PC,Accessories - Other,Mastic Accessories,
LX0E61C5DF,AX Hood Dryer 170 Dryerhoodawillo,302.70,PC,Accessories - Other,Mastic Accessories,REVIEW - price may have OCR error
LXB8848D76,AX Hood Dryer 210 DryerhoodComsik,83.14,PC,Accessories - Other,Mastic Accessories,
LX9263F355,AX Hood Dryer 251 DryerhoodAulHry,320.03,PC,Accessories - Other,Mastic Accessories,REVIEW - price may have OCR error
LXC033C845,AX Hood Dryer 511 DryerhoodTOIve,309.51,PC,Accessories - Other,Mastic Accessories,REVIEW - price may have OCR error
LXE49F7AE3,AX Hood Dryer #53 DryerhoodAlmond,14.31,PC,Accessories - Other,Mastic Accessories,
LXB26B3ECA,AX Hood Dryer #10 DryernoodCyeliow,44.72,PC,Accessories - Other,Mastic Accessories,
LXD4BE2693,AX Hood Dryer #E4 Dryerhood,77.55,PC,Accessories - Other,Mastic Accessories,
LX7A66DE8E,AX Hood Dryer #E6 DryerhoodGlacier,391.94,PC,Accessories - Other,Mastic Accessories,REVIEW - price may have OCR error
LXA52C72FC,AX Hood Dryer #35 DryemoodHGrey,373.35,PC,Accessories - Other,Mastic Accessories,REVIEW - price may have OCR error
LXF55B3F8C,AX Hood Dryer #IC DryerhoodLakeshr,382.31,PC,Accessories - Other,Mastic Accessories,REVIEW - price may have OCR error
LX998A0927,AX Hood Dryer #iF DryerioodMontSU,82.66,PC,Accessories - Other,Mastic Accessories,
LX1D50F37E,AX Hood Dryer #QG Dryerhood,13.39,PC,Accessories - Other,Mastic Accessories,
LX914CAC0C,AX Hood Dryer #52 DryerhoodPClay,17.65,PC,Accessories - Other,Mastic Accessories,
LXF182882A,AX Hood Dryer #18 DryerhoodSage,14.12,PC,Accessories - Other,Mastic Accessories,
LXDF280558,AX Hood Dryer #02 DryerhoodSGrey,363.93,PC,Accessories - Other,Mastic Accessories,REVIEW - price may have OCR error
LX71A4562D,AX Hood Dryer #39 DryerhoodSandtne,14.90,PC,Accessories - Other,Mastic Accessories,
LX651DE625,AX Hood Dryer #36 DryerhoodVGrey,45.20,PC,Accessories - Other,Mastic Accessories,
LXBBA4DADD,AX InExh #04 Intvent White,12.53,PC,Ventilation,Mastic Accessories,
LX61982145,AX InvExh 100 intvent Ruggdcanyon,342.51,PC,Ventilation,Mastic Accessories,REVIEW - price may have OCR error
LXBDF97A5E,AX InVExh #17 Intvent Everest,335.31,PC,Ventilation,Mastic Accessories,REVIEW - price may have OCR error
LXF5B46A9E,AX InVExh 170 Intvent QuietWillow ‘,13.34,PC,Ventilation,Mastic Accessories,
LX9CB69305,AX IntvExh #18 Intvent Sage '¥,16.79,PC,Ventilation,Mastic Accessories,
LXB00D3203,AX inVExh #35 Intvent HarborGrey,87.48,PC,Ventilation,Mastic Accessories,
LXDF7CBF71,AX InvExh #36 Intvent Vict Grey,435.31,PC,Ventilation,Mastic Accessories,REVIEW - price may have OCR error
LXC1FAF9EA,AX InVExh #44 Inlvent Linen,71.44,PC,Ventilation,Mastic Accessories,
LX93BAE699,AX InVExh 511 Intvent TuscanOlive,14.95,PC,Ventilation,Mastic Accessories,
LX982834D2,AX InVExh #52 Inivent PebbieClay,11.49,PC,Ventilation,Mastic Accessories,
LX7F109942,AX InVExh #53 intvent Almond,408.58,PC,Ventilation,Mastic Accessories,REVIEW - price may have OCR error
LXF8AF3367,AX InVExh BAT Intvent Wicker,41.92,PC,Ventilation,Mastic Accessories,
LX725E6081,AX intake Louvr #52 Intake PebClay,372.07,PC,Accessories - Other,Mastic Accessories,REVIEW - price may have OCR error
LXA321FD7C,AX Louv Exhaust 100 ExventRCanyon,276.83,PC,Ventilation,Mastic Accessories,REVIEW - price may have OCR error
LX17B95B17,AX Louv Exhaust 146 Exvent,337.37,PC,Ventilation,Mastic Accessories,REVIEW - price may have OCR error
LX3CF63DAE,AX Louv Exhaust 156 Exvent,16.72,PC,Ventilation,Mastic Accessories,
LXC415A468,AX Louv Exhaust #17 ExventEverest,357.12,PC,Ventilation,Mastic Accessories,REVIEW - price may have OCR error
LXEC04A64C,AX Lou Exhaust 210 ExventComsi,348.55,PC,Ventilation,Mastic Accessories,REVIEW - price may have OCR error
LX81110367,AX Louy Exhaust 251 ExventAutHany,421.25,PC,Ventilation,Mastic Accessories,REVIEW - price may have OCR error
LX860C841D,AX Louv Exhaust 200 ExventRussRed,13.94,PC,Ventilation,Mastic Accessories,
LX6A3A8E64,AX Lou Exhaust 350 Exvent,333.61,PC,Ventilation,Mastic Accessories,REVIEW - price may have OCR error
LX43A4B244,AX Louv Exhaust 353 Exvent,263.44,PC,Ventilation,Mastic Accessories,REVIEW - price may have OCR error
LX13EB6C7B,AX Louv Exhaust 300 ExventeWedgwd,16.98,PC,Ventilation,Mastic Accessories,
LX07791048,AX Louv Exhaust 803 Exvent,13.01,PC,Ventilation,Mastic Accessories,
LXBA8388C2,[AX Louv Exhaust 814 Exvent,13.48,PC,Ventilation,Mastic Accessories,
LX45274FE3,AX Louv Exhaust #A7 Exvent,65.14,PC,Ventilation,Mastic Accessories,
LX49497B7B,AX Louv Exhaust #BH Exvent,16.14,PC,Ventilation,Mastic Accessories,
LXDFC4D205,AX Louv Exhaust #50 Exvent,15.33,PC,Ventilation,Mastic Accessories,
LX8E1B228B,AX Louv Exhaust #3 Exvent,82.00,PC,Ventilation,Mastic Accessories,
LXC4956E47,_[ AX Louv Exhaust #30 ExveniCLCream,16.58,PC,Ventilation,Mastic Accessories,
LX7C7896CA,AX Louv Exhaust #10 ExveniCYeliow,381.60,PC,Ventilation,Mastic Accessories,REVIEW - price may have OCR error
LX2D010A85,AX Louv Exhaust #E6 Exvent ',15.30,PC,Ventilation,Mastic Accessories,
LX6D7FD660,AX Lowy Exhaust #69 Exvent,12.95,PC,Ventilation,Mastic Accessories,
LX338B4E3E,AX Louv Exhaust HED Exvent ‘,12.64,PC,Ventilation,Mastic Accessories,
LX756A1C4C,AX Louw Exhaust #GP Exvent,46.80,PC,Ventilation,Mastic Accessories,
LX1B35B4D0,AX Louv Exhaust #35 ExventHrbGrey,78.03,PC,Ventilation,Mastic Accessories,
